symbol,timeframe,timestamp,open,high,low,close,volume,complete
SYNTHETIC_EUR_USD,1m,2025-01-01T00:01:00+00:00,1.100000,1.100083,1.099965,1.100043,100,true
SYNTHETIC_EUR_USD,1m,2025-01-01T00:02:00+00:00,1.100043,1.100199,1.099958,1.100108,100,true
SYNTHETIC_EUR_USD,1m,2025-01-01T00:03:00+00:00,1.100108,1.100315,1.100094,1.100258,100,true
SYNTHETIC_EUR_USD,1m,2025-01-01T00:04:00+00:00,1.100258,1.100395,1.100193,1.100361,100,true
SYNTHETIC_EUR_USD,1m,2025-01-01T00:05:00+00:00,1.100361,1.100679,1.100291,1.100597,100,true
SYNTHETIC_EUR_USD,1m,2025-01-01T00:06:00+00:00,1.100597,1.100822,1.100522,1.100788,100,true
SYNTHETIC_EUR_USD,1m,2025-01-01T00:07:00+00:00,1.100788,1.101088,1.100701,1.100989,100,true
SYNTHETIC_EUR_USD,1m,2025-01-01T00:08:00+00:00,1.100989,1.101235,1.100962,1.101188,100,true
SYNTHETIC_EUR_USD,1m,2025-01-01T00:09:00+00:00,1.101188,1.101537,1.101167,1.101517,100,true
SYNTHETIC_EUR_USD,1m,2025-01-01T00:10:00+00:00,1.101517,1.101824,1.101440,1.101720,100,true
SYNTHETIC_EUR_USD,1m,2025-01-01T00:11:00+00:00,1.101720,1.102096,1.101603,1.102027,100,true
SYNTHETIC_EUR_USD,1m,2025-01-01T00:12:00+00:00,1.102027,1.102137,1.101956,1.102085,100,true
SYNTHETIC_EUR_USD,1m,2025-01-01T00:13:00+00:00,1.102085,1.102508,1.102012,1.102403,100,true
SYNTHETIC_EUR_USD,1m,2025-01-01T00:14:00+00:00,1.102403,1.102577,1.102388,1.102489,100,true
SYNTHETIC_EUR_USD,1m,2025-01-01T00:15:00+00:00,1.102489,1.102746,1.102454,1.102727,100,true
SYNTHETIC_EUR_USD,1m,2025-01-01T00:16:00+00:00,1.102727,1.103057,1.102686,1.103036,100,true
SYNTHETIC_EUR_USD,1m,2025-01-01T00:17:00+00:00,1.103036,1.103208,1.103003,1.103157,100,true
SYNTHETIC_EUR_USD,1m,2025-01-01T00:18:00+00:00,1.103157,1.103288,1.103044,1.103249,100,true
SYNTHETIC_EUR_USD,1m,2025-01-01T00:19:00+00:00,1.103249,1.103336,1.103158,1.103308,100,true
SYNTHETIC_EUR_USD,1m,2025-01-01T00:20:00+00:00,1.103308,1.103338,1.103256,1.103310,100,true
SYNTHETIC_EUR_USD,1m,2025-01-01T00:21:00+00:00,1.103310,1.103663,1.103225,1.103592,100,true
SYNTHETIC_EUR_USD,1m,2025-01-01T00:22:00+00:00,1.103592,1.103769,1.103497,1.103666,100,true
SYNTHETIC_EUR_USD,1m,2025-01-01T00:23:00+00:00,1.103666,1.103775,1.103627,1.103730,100,true
SYNTHETIC_EUR_USD,1m,2025-01-01T00:24:00+00:00,1.103730,1.103828,1.103616,1.103794,100,true
SYNTHETIC_EUR_USD,1m,2025-01-01T00:25:00+00:00,1.103794,1.103960,1.103741,1.103878,100,true
SYNTHETIC_EUR_USD,1m,2025-01-01T00:26:00+00:00,1.103878,1.103988,1.103729,1.103790,100,true
SYNTHETIC_EUR_USD,1m,2025-01-01T00:27:00+00:00,1.103790,1.103861,1.103705,1.103744,100,true
SYNTHETIC_EUR_USD,1m,2025-01-01T00:28:00+00:00,1.103744,1.103850,1.103635,1.103776,100,true
SYNTHETIC_EUR_USD,1m,2025-01-01T00:29:00+00:00,1.103776,1.103895,1.103565,1.103631,100,true
SYNTHETIC_EUR_USD,1m,2025-01-01T00:30:00+00:00,1.103631,1.103651,1.103574,1.103589,100,true
SYNTHETIC_EUR_USD,1m,2025-01-01T00:31:00+00:00,1.103589,1.103713,1.103533,1.103616,100,true
SYNTHETIC_EUR_USD,1m,2025-01-01T00:32:00+00:00,1.103616,1.103633,1.103558,1.103610,100,true
SYNTHETIC_EUR_USD,1m,2025-01-01T00:33:00+00:00,1.103610,1.103756,1.103506,1.103639,100,true
SYNTHETIC_EUR_USD,1m,2025-01-01T00:34:00+00:00,1.103639,1.103650,1.103426,1.103516,100,true
SYNTHETIC_EUR_USD,1m,2025-01-01T00:35:00+00:00,1.103516,1.103555,1.103255,1.103336,100,true
SYNTHETIC_EUR_USD,1m,2025-01-01T00:36:00+00:00,1.103336,1.103358,1.103030,1.103088,100,true
SYNTHETIC_EUR_USD,1m,2025-01-01T00:37:00+00:00,1.103088,1.103194,1.102660,1.102699,100,true
SYNTHETIC_EUR_USD,1m,2025-01-01T00:38:00+00:00,1.102699,1.102764,1.102663,1.102693,100,true
SYNTHETIC_EUR_USD,1m,2025-01-01T00:39:00+00:00,1.102693,1.102867,1.102613,1.102824,100,true
SYNTHETIC_EUR_USD,1m,2025-01-01T00:40:00+00:00,1.102824,1.102901,1.102613,1.102640,100,true
SYNTHETIC_EUR_USD,1m,2025-01-01T00:41:00+00:00,1.102640,1.102736,1.102546,1.102615,100,true
SYNTHETIC_EUR_USD,1m,2025-01-01T00:42:00+00:00,1.102615,1.102625,1.102406,1.102451,100,true
SYNTHETIC_EUR_USD,1m,2025-01-01T00:43:00+00:00,1.102451,1.102842,1.102350,1.102735,100,true
SYNTHETIC_EUR_USD,1m,2025-01-01T00:44:00+00:00,1.102735,1.102847,1.102719,1.102804,100,true
SYNTHETIC_EUR_USD,1m,2025-01-01T00:45:00+00:00,1.102804,1.103093,1.102740,1.103074,100,true
SYNTHETIC_EUR_USD,1m,2025-01-01T00:46:00+00:00,1.103074,1.103091,1.102864,1.102958,100,true
SYNTHETIC_EUR_USD,1m,2025-01-01T00:47:00+00:00,1.102958,1.103138,1.102887,1.103075,100,true
SYNTHETIC_EUR_USD,1m,2025-01-01T00:48:00+00:00,1.103075,1.103187,1.102969,1.103148,100,true
SYNTHETIC_EUR_USD,1m,2025-01-01T00:49:00+00:00,1.103148,1.103302,1.103058,1.103232,100,true
SYNTHETIC_EUR_USD,1m,2025-01-01T00:50:00+00:00,1.103232,1.103481,1.103188,1.103449,100,true
SYNTHETIC_EUR_USD,1m,2025-01-01T00:51:00+00:00,1.103449,1.103877,1.103382,1.103819,100,true
SYNTHETIC_EUR_USD,1m,2025-01-01T00:52:00+00:00,1.103819,1.104049,1.103785,1.104026,100,true
SYNTHETIC_EUR_USD,1m,2025-01-01T00:53:00+00:00,1.104026,1.104201,1.103991,1.104166,100,true
SYNTHETIC_EUR_USD,1m,2025-01-01T00:54:00+00:00,1.104166,1.104552,1.104086,1.104534,100,true
SYNTHETIC_EUR_USD,1m,2025-01-01T00:55:00+00:00,1.104534,1.104912,1.104517,1.104807,100,true
SYNTHETIC_EUR_USD,1m,2025-01-01T00:56:00+00:00,1.104807,1.105342,1.104723,1.105305,100,true
SYNTHETIC_EUR_USD,1m,2025-01-01T00:57:00+00:00,1.105305,1.105671,1.105233,1.105558,100,true
SYNTHETIC_EUR_USD,1m,2025-01-01T00:58:00+00:00,1.105558,1.105915,1.105461,1.105853,100,true
SYNTHETIC_EUR_USD,1m,2025-01-01T00:59:00+00:00,1.105853,1.106124,1.105795,1.106104,100,true
SYNTHETIC_EUR_USD,1m,2025-01-01T01:00:00+00:00,1.106104,1.106298,1.106042,1.106242,100,true
SYNTHETIC_EUR_USD,1m,2025-01-01T01:01:00+00:00,1.106242,1.106532,1.106221,1.106414,100,true
SYNTHETIC_EUR_USD,1m,2025-01-01T01:02:00+00:00,1.106414,1.106468,1.106366,1.106413,100,true
SYNTHETIC_EUR_USD,1m,2025-01-01T01:03:00+00:00,1.106413,1.106660,1.106354,1.106629,100,true
SYNTHETIC_EUR_USD,1m,2025-01-01T01:04:00+00:00,1.106629,1.106750,1.106588,1.106694,100,true
SYNTHETIC_EUR_USD,1m,2025-01-01T01:05:00+00:00,1.106694,1.106863,1.106589,1.106804,100,true
SYNTHETIC_EUR_USD,1m,2025-01-01T01:06:00+00:00,1.106804,1.107231,1.106788,1.107161,100,true
SYNTHETIC_EUR_USD,1m,2025-01-01T01:07:00+00:00,1.107161,1.107565,1.107049,1.107448,100,true
SYNTHETIC_EUR_USD,1m,2025-01-01T01:08:00+00:00,1.107448,1.107584,1.107420,1.107481,100,true
SYNTHETIC_EUR_USD,1m,2025-01-01T01:09:00+00:00,1.107481,1.107535,1.107390,1.107407,100,true
SYNTHETIC_EUR_USD,1m,2025-01-01T01:10:00+00:00,1.107407,1.107458,1.107280,1.107399,100,true
SYNTHETIC_EUR_USD,1m,2025-01-01T01:11:00+00:00,1.107399,1.107459,1.107284,1.107341,100,true
SYNTHETIC_EUR_USD,1m,2025-01-01T01:12:00+00:00,1.107341,1.107607,1.107221,1.107492,100,true
SYNTHETIC_EUR_USD,1m,2025-01-01T01:13:00+00:00,1.107492,1.107519,1.107193,1.107236,100,true
SYNTHETIC_EUR_USD,1m,2025-01-01T01:14:00+00:00,1.107236,1.107352,1.107004,1.107078,100,true
SYNTHETIC_EUR_USD,1m,2025-01-01T01:15:00+00:00,1.107078,1.107094,1.106708,1.106782,100,true
SYNTHETIC_EUR_USD,1m,2025-01-01T01:16:00+00:00,1.106782,1.106847,1.106513,1.106617,100,true
SYNTHETIC_EUR_USD,1m,2025-01-01T01:17:00+00:00,1.106617,1.106685,1.106586,1.106666,100,true
SYNTHETIC_EUR_USD,1m,2025-01-01T01:18:00+00:00,1.106666,1.106877,1.106582,1.106801,100,true
SYNTHETIC_EUR_USD,1m,2025-01-01T01:19:00+00:00,1.106801,1.106909,1.106652,1.106689,100,true
SYNTHETIC_EUR_USD,1m,2025-01-01T01:20:00+00:00,1.106689,1.106764,1.106559,1.106637,100,true
SYNTHETIC_EUR_USD,1m,2025-01-01T01:21:00+00:00,1.106637,1.106704,1.106282,1.106395,100,true
SYNTHETIC_EUR_USD,1m,2025-01-01T01:22:00+00:00,1.106395,1.106427,1.106292,1.106381,100,true
SYNTHETIC_EUR_USD,1m,2025-01-01T01:23:00+00:00,1.106381,1.106465,1.106271,1.106314,100,true
SYNTHETIC_EUR_USD,1m,2025-01-01T01:24:00+00:00,1.106314,1.106422,1.106221,1.106377,100,true
SYNTHETIC_EUR_USD,1m,2025-01-01T01:25:00+00:00,1.106377,1.106579,1.106257,1.106460,100,true
SYNTHETIC_EUR_USD,1m,2025-01-01T01:26:00+00:00,1.106460,1.106522,1.106426,1.106504,100,true
SYNTHETIC_EUR_USD,1m,2025-01-01T01:27:00+00:00,1.106504,1.106611,1.106381,1.106488,100,true
SYNTHETIC_EUR_USD,1m,2025-01-01T01:28:00+00:00,1.106488,1.106852,1.106460,1.106801,100,true
SYNTHETIC_EUR_USD,1m,2025-01-01T01:29:00+00:00,1.106801,1.107033,1.106682,1.106956,100,true
SYNTHETIC_EUR_USD,1m,2025-01-01T01:30:00+00:00,1.106956,1.107038,1.106870,1.106881,100,true
SYNTHETIC_EUR_USD,1m,2025-01-01T01:31:00+00:00,1.106881,1.107117,1.106767,1.107034,100,true
SYNTHETIC_EUR_USD,1m,2025-01-01T01:32:00+00:00,1.107034,1.107102,1.107011,1.107077,100,true
SYNTHETIC_EUR_USD,1m,2025-01-01T01:33:00+00:00,1.107077,1.107394,1.107000,1.107354,100,true
SYNTHETIC_EUR_USD,1m,2025-01-01T01:34:00+00:00,1.107354,1.107717,1.107322,1.107628,100,true
SYNTHETIC_EUR_USD,1m,2025-01-01T01:35:00+00:00,1.107628,1.107826,1.107518,1.107762,100,true
SYNTHETIC_EUR_USD,1m,2025-01-01T01:36:00+00:00,1.107762,1.108007,1.107742,1.107904,100,true
SYNTHETIC_EUR_USD,1m,2025-01-01T01:37:00+00:00,1.107904,1.108052,1.107809,1.108042,100,true
SYNTHETIC_EUR_USD,1m,2025-01-01T01:38:00+00:00,1.108042,1.108400,1.108003,1.108320,100,true
SYNTHETIC_EUR_USD,1m,2025-01-01T01:39:00+00:00,1.108320,1.108607,1.108309,1.108550,100,true
SYNTHETIC_EUR_USD,1m,2025-01-01T01:40:00+00:00,1.108550,1.108656,1.108442,1.108638,100,true
SYNTHETIC_EUR_USD,1m,2025-01-01T01:41:00+00:00,1.108638,1.109102,1.108564,1.109000,100,true
SYNTHETIC_EUR_USD,1m,2025-01-01T01:42:00+00:00,1.109000,1.109173,1.108976,1.109147,100,true
SYNTHETIC_EUR_USD,1m,2025-01-01T01:43:00+00:00,1.109147,1.109376,1.109042,1.109278,100,true
SYNTHETIC_EUR_USD,1m,2025-01-01T01:44:00+00:00,1.109278,1.109838,1.109245,1.109729,100,true
SYNTHETIC_EUR_USD,1m,2025-01-01T01:45:00+00:00,1.109729,1.110020,1.109622,1.109924,100,true
SYNTHETIC_EUR_USD,1m,2025-01-01T01:46:00+00:00,1.109924,1.110212,1.109846,1.110157,100,true
SYNTHETIC_EUR_USD,1m,2025-01-01T01:47:00+00:00,1.110157,1.110575,1.110040,1.110470,100,true
SYNTHETIC_EUR_USD,1m,2025-01-01T01:48:00+00:00,1.110470,1.110931,1.110363,1.110832,100,true
SYNTHETIC_EUR_USD,1m,2025-01-01T01:49:00+00:00,1.110832,1.111182,1.110720,1.111135,100,true
SYNTHETIC_EUR_USD,1m,2025-01-01T01:50:00+00:00,1.111135,1.111348,1.111030,1.111250,100,true
SYNTHETIC_EUR_USD,1m,2025-01-01T01:51:00+00:00,1.111250,1.111441,1.111228,1.111344,100,true
SYNTHETIC_EUR_USD,1m,2025-01-01T01:52:00+00:00,1.111344,1.111450,1.111185,1.111290,100,true
SYNTHETIC_EUR_USD,1m,2025-01-01T01:53:00+00:00,1.111290,1.111397,1.111246,1.111336,100,true
SYNTHETIC_EUR_USD,1m,2025-01-01T01:54:00+00:00,1.111336,1.111635,1.111301,1.111538,100,true
SYNTHETIC_EUR_USD,1m,2025-01-01T01:55:00+00:00,1.111538,1.111623,1.111433,1.111577,100,true
SYNTHETIC_EUR_USD,1m,2025-01-01T01:56:00+00:00,1.111577,1.111694,1.111489,1.111530,100,true
SYNTHETIC_EUR_USD,1m,2025-01-01T01:57:00+00:00,1.111530,1.111648,1.111308,1.111377,100,true
SYNTHETIC_EUR_USD,1m,2025-01-01T01:58:00+00:00,1.111377,1.111490,1.111168,1.111191,100,true
SYNTHETIC_EUR_USD,1m,2025-01-01T01:59:00+00:00,1.111191,1.111307,1.111121,1.111160,100,true
SYNTHETIC_EUR_USD,1m,2025-01-01T02:00:00+00:00,1.111160,1.111182,1.110976,1.111034,100,true
SYNTHETIC_EUR_USD,1m,2025-01-01T02:01:00+00:00,1.111034,1.111110,1.110835,1.110901,100,true
SYNTHETIC_EUR_USD,1m,2025-01-01T02:02:00+00:00,1.110901,1.110954,1.110605,1.110678,100,true
SYNTHETIC_EUR_USD,1m,2025-01-01T02:03:00+00:00,1.110678,1.110688,1.110443,1.110554,100,true
SYNTHETIC_EUR_USD,1m,2025-01-01T02:04:00+00:00,1.110554,1.110700,1.110465,1.110631,100,true
SYNTHETIC_EUR_USD,1m,2025-01-01T02:05:00+00:00,1.110631,1.110681,1.110501,1.110518,100,true
SYNTHETIC_EUR_USD,1m,2025-01-01T02:06:00+00:00,1.110518,1.110601,1.110203,1.110249,100,true
SYNTHETIC_EUR_USD,1m,2025-01-01T02:07:00+00:00,1.110249,1.110338,1.110040,1.110083,100,true
SYNTHETIC_EUR_USD,1m,2025-01-01T02:08:00+00:00,1.110083,1.110284,1.110028,1.110240,100,true
SYNTHETIC_EUR_USD,1m,2025-01-01T02:09:00+00:00,1.110240,1.110264,1.110066,1.110122,100,true
SYNTHETIC_EUR_USD,1m,2025-01-01T02:10:00+00:00,1.110122,1.110280,1.110037,1.110166,100,true
SYNTHETIC_EUR_USD,1m,2025-01-01T02:11:00+00:00,1.110166,1.110356,1.110096,1.110313,100,true
SYNTHETIC_EUR_USD,1m,2025-01-01T02:12:00+00:00,1.110313,1.110323,1.110212,1.110253,100,true
SYNTHETIC_EUR_USD,1m,2025-01-01T02:13:00+00:00,1.110253,1.110335,1.110110,1.110172,100,true
SYNTHETIC_EUR_USD,1m,2025-01-01T02:14:00+00:00,1.110172,1.110385,1.110138,1.110326,100,true
SYNTHETIC_EUR_USD,1m,2025-01-01T02:15:00+00:00,1.110326,1.110424,1.110155,1.110184,100,true
SYNTHETIC_EUR_USD,1m,2025-01-01T02:16:00+00:00,1.110184,1.110382,1.110117,1.110363,100,true
SYNTHETIC_EUR_USD,1m,2025-01-01T02:17:00+00:00,1.110363,1.110549,1.110270,1.110449,100,true
SYNTHETIC_EUR_USD,1m,2025-01-01T02:18:00+00:00,1.110449,1.110631,1.110414,1.110547,100,true
SYNTHETIC_EUR_USD,1m,2025-01-01T02:19:00+00:00,1.110547,1.110789,1.110485,1.110752,100,true
SYNTHETIC_EUR_USD,1m,2025-01-01T02:20:00+00:00,1.110752,1.111093,1.110734,1.110990,100,true
SYNTHETIC_EUR_USD,1m,2025-01-01T02:21:00+00:00,1.110990,1.111100,1.110903,1.111069,100,true
SYNTHETIC_EUR_USD,1m,2025-01-01T02:22:00+00:00,1.111069,1.111453,1.111032,1.111389,100,true
SYNTHETIC_EUR_USD,1m,2025-01-01T02:23:00+00:00,1.111389,1.111713,1.111294,1.111620,100,true
SYNTHETIC_EUR_USD,1m,2025-01-01T02:24:00+00:00,1.111620,1.111871,1.111563,1.111850,100,true
SYNTHETIC_EUR_USD,1m,2025-01-01T02:25:00+00:00,1.111850,1.112290,1.111834,1.112223,100,true
SYNTHETIC_EUR_USD,1m,2025-01-01T02:26:00+00:00,1.112223,1.112763,1.112120,1.112725,100,true
SYNTHETIC_EUR_USD,1m,2025-01-01T02:27:00+00:00,1.112725,1.112824,1.112607,1.112741,100,true
SYNTHETIC_EUR_USD,1m,2025-01-01T02:28:00+00:00,1.112741,1.113085,1.112626,1.113010,100,true
SYNTHETIC_EUR_USD,1m,2025-01-01T02:29:00+00:00,1.113010,1.113422,1.112944,1.113333,100,true
SYNTHETIC_EUR_USD,1m,2025-01-01T02:30:00+00:00,1.113333,1.113507,1.113263,1.113405,100,true
SYNTHETIC_EUR_USD,1m,2025-01-01T02:31:00+00:00,1.113405,1.113662,1.113367,1.113600,100,true
SYNTHETIC_EUR_USD,1m,2025-01-01T02:32:00+00:00,1.113600,1.113637,1.113414,1.113494,100,true
SYNTHETIC_EUR_USD,1m,2025-01-01T02:33:00+00:00,1.113494,1.113576,1.113454,1.113497,100,true
SYNTHETIC_EUR_USD,1m,2025-01-01T02:34:00+00:00,1.113497,1.113516,1.113275,1.113317,100,true
SYNTHETIC_EUR_USD,1m,2025-01-01T02:35:00+00:00,1.113317,1.113386,1.113215,1.113241,100,true
SYNTHETIC_EUR_USD,1m,2025-01-01T02:36:00+00:00,1.113241,1.113293,1.113154,1.113258,100,true
SYNTHETIC_EUR_USD,1m,2025-01-01T02:37:00+00:00,1.113258,1.113313,1.113064,1.113134,100,true
SYNTHETIC_EUR_USD,1m,2025-01-01T02:38:00+00:00,1.113134,1.113189,1.112923,1.112955,100,true
SYNTHETIC_EUR_USD,1m,2025-01-01T02:39:00+00:00,1.112955,1.113030,1.112482,1.112568,100,true
SYNTHETIC_EUR_USD,1m,2025-01-01T02:40:00+00:00,1.112568,1.112673,1.112420,1.112515,100,true
SYNTHETIC_EUR_USD,1m,2025-01-01T02:41:00+00:00,1.112515,1.112563,1.112215,1.112308,100,true
SYNTHETIC_EUR_USD,1m,2025-01-01T02:42:00+00:00,1.112308,1.112412,1.111990,1.112104,100,true
SYNTHETIC_EUR_USD,1m,2025-01-01T02:43:00+00:00,1.112104,1.112175,1.111630,1.111706,100,true
SYNTHETIC_EUR_USD,1m,2025-01-01T02:44:00+00:00,1.111706,1.111740,1.111536,1.111570,100,true
SYNTHETIC_EUR_USD,1m,2025-01-01T02:45:00+00:00,1.111570,1.111617,1.111220,1.111305,100,true
SYNTHETIC_EUR_USD,1m,2025-01-01T02:46:00+00:00,1.111305,1.111359,1.111048,1.111076,100,true
SYNTHETIC_EUR_USD,1m,2025-01-01T02:47:00+00:00,1.111076,1.111155,1.110764,1.110777,100,true
SYNTHETIC_EUR_USD,1m,2025-01-01T02:48:00+00:00,1.110777,1.110830,1.110485,1.110557,100,true
SYNTHETIC_EUR_USD,1m,2025-01-01T02:49:00+00:00,1.110557,1.110582,1.110443,1.110504,100,true
SYNTHETIC_EUR_USD,1m,2025-01-01T02:50:00+00:00,1.110504,1.110520,1.110271,1.110323,100,true
SYNTHETIC_EUR_USD,1m,2025-01-01T02:51:00+00:00,1.110323,1.110417,1.110102,1.110153,100,true
SYNTHETIC_EUR_USD,1m,2025-01-01T02:52:00+00:00,1.110153,1.110246,1.109979,1.110081,100,true
SYNTHETIC_EUR_USD,1m,2025-01-01T02:53:00+00:00,1.110081,1.110093,1.109855,1.109924,100,true
SYNTHETIC_EUR_USD,1m,2025-01-01T02:54:00+00:00,1.109924,1.110044,1.109792,1.109841,100,true
SYNTHETIC_EUR_USD,1m,2025-01-01T02:55:00+00:00,1.109841,1.109922,1.109516,1.109609,100,true
SYNTHETIC_EUR_USD,1m,2025-01-01T02:56:00+00:00,1.109609,1.109723,1.109324,1.109356,100,true
SYNTHETIC_EUR_USD,1m,2025-01-01T02:57:00+00:00,1.109356,1.109390,1.109272,1.109366,100,true
SYNTHETIC_EUR_USD,1m,2025-01-01T02:58:00+00:00,1.109366,1.109438,1.109308,1.109342,100,true
SYNTHETIC_EUR_USD,1m,2025-01-01T02:59:00+00:00,1.109342,1.109371,1.109194,1.109271,100,true
SYNTHETIC_EUR_USD,1m,2025-01-01T03:00:00+00:00,1.109271,1.109363,1.109070,1.109092,100,true
SYNTHETIC_EUR_USD,1m,2025-01-01T03:01:00+00:00,1.109092,1.109284,1.109080,1.109262,100,true
SYNTHETIC_EUR_USD,1m,2025-01-01T03:02:00+00:00,1.109262,1.109307,1.108956,1.109040,100,true
SYNTHETIC_EUR_USD,1m,2025-01-01T03:03:00+00:00,1.109040,1.109323,1.109022,1.109234,100,true
SYNTHETIC_EUR_USD,1m,2025-01-01T03:04:00+00:00,1.109234,1.109381,1.109155,1.109295,100,true
SYNTHETIC_EUR_USD,1m,2025-01-01T03:05:00+00:00,1.109295,1.109669,1.109219,1.109565,100,true
SYNTHETIC_EUR_USD,1m,2025-01-01T03:06:00+00:00,1.109565,1.109825,1.109447,1.109802,100,true
SYNTHETIC_EUR_USD,1m,2025-01-01T03:07:00+00:00,1.109802,1.110000,1.109751,1.109943,100,true
SYNTHETIC_EUR_USD,1m,2025-01-01T03:08:00+00:00,1.109943,1.110020,1.109895,1.109954,100,true
SYNTHETIC_EUR_USD,1m,2025-01-01T03:09:00+00:00,1.109954,1.110224,1.109839,1.110203,100,true
SYNTHETIC_EUR_USD,1m,2025-01-01T03:10:00+00:00,1.110203,1.110283,1.110033,1.110134,100,true
SYNTHETIC_EUR_USD,1m,2025-01-01T03:11:00+00:00,1.110134,1.110294,1.110018,1.110203,100,true
SYNTHETIC_EUR_USD,1m,2025-01-01T03:12:00+00:00,1.110203,1.110243,1.110071,1.110170,100,true
SYNTHETIC_EUR_USD,1m,2025-01-01T03:13:00+00:00,1.110170,1.110227,1.110020,1.110110,100,true
SYNTHETIC_EUR_USD,1m,2025-01-01T03:14:00+00:00,1.110110,1.110173,1.110007,1.110134,100,true
SYNTHETIC_EUR_USD,1m,2025-01-01T03:15:00+00:00,1.110134,1.110301,1.110097,1.110194,100,true
SYNTHETIC_EUR_USD,1m,2025-01-01T03:16:00+00:00,1.110194,1.110255,1.110085,1.110163,100,true
SYNTHETIC_EUR_USD,1m,2025-01-01T03:17:00+00:00,1.110163,1.110266,1.110100,1.110130,100,true
SYNTHETIC_EUR_USD,1m,2025-01-01T03:18:00+00:00,1.110130,1.110164,1.110016,1.110114,100,true
SYNTHETIC_EUR_USD,1m,2025-01-01T03:19:00+00:00,1.110114,1.110201,1.109879,1.109919,100,true
SYNTHETIC_EUR_USD,1m,2025-01-01T03:20:00+00:00,1.109919,1.110051,1.109805,1.110040,100,true
SYNTHETIC_EUR_USD,1m,2025-01-01T03:21:00+00:00,1.110040,1.110155,1.109946,1.110092,100,true
SYNTHETIC_EUR_USD,1m,2025-01-01T03:22:00+00:00,1.110092,1.110177,1.109972,1.110053,100,true
SYNTHETIC_EUR_USD,1m,2025-01-01T03:23:00+00:00,1.110053,1.110073,1.109647,1.109681,100,true
SYNTHETIC_EUR_USD,1m,2025-01-01T03:24:00+00:00,1.109681,1.109767,1.109470,1.109514,100,true
SYNTHETIC_EUR_USD,1m,2025-01-01T03:25:00+00:00,1.109514,1.109583,1.109141,1.109198,100,true
SYNTHETIC_EUR_USD,1m,2025-01-01T03:26:00+00:00,1.109198,1.109290,1.108873,1.108919,100,true
SYNTHETIC_EUR_USD,1m,2025-01-01T03:27:00+00:00,1.108919,1.108957,1.108643,1.108667,100,true
SYNTHETIC_EUR_USD,1m,2025-01-01T03:28:00+00:00,1.108667,1.108698,1.108319,1.108342,100,true
SYNTHETIC_EUR_USD,1m,2025-01-01T03:29:00+00:00,1.108342,1.108372,1.107872,1.107905,100,true
SYNTHETIC_EUR_USD,1m,2025-01-01T03:30:00+00:00,1.107905,1.107969,1.107530,1.107620,100,true
SYNTHETIC_EUR_USD,1m,2025-01-01T03:31:00+00:00,1.107620,1.107661,1.107506,1.107527,100,true
SYNTHETIC_EUR_USD,1m,2025-01-01T03:32:00+00:00,1.107527,1.107558,1.107238,1.107273,100,true
SYNTHETIC_EUR_USD,1m,2025-01-01T03:33:00+00:00,1.107273,1.107342,1.107019,1.107059,100,true
SYNTHETIC_EUR_USD,1m,2025-01-01T03:34:00+00:00,1.107059,1.107176,1.106796,1.106867,100,true
SYNTHETIC_EUR_USD,1m,2025-01-01T03:35:00+00:00,1.106867,1.106973,1.106589,1.106653,100,true
SYNTHETIC_EUR_USD,1m,2025-01-01T03:36:00+00:00,1.106653,1.106759,1.106344,1.106417,100,true
SYNTHETIC_EUR_USD,1m,2025-01-01T03:37:00+00:00,1.106417,1.106448,1.106119,1.106135,100,true
SYNTHETIC_EUR_USD,1m,2025-01-01T03:38:00+00:00,1.106135,1.106249,1.105964,1.106027,100,true
SYNTHETIC_EUR_USD,1m,2025-01-01T03:39:00+00:00,1.106027,1.106045,1.105892,1.105972,100,true
SYNTHETIC_EUR_USD,1m,2025-01-01T03:40:00+00:00,1.105972,1.105988,1.105753,1.105779,100,true
SYNTHETIC_EUR_USD,1m,2025-01-01T03:41:00+00:00,1.105779,1.105898,1.105604,1.105627,100,true
SYNTHETIC_EUR_USD,1m,2025-01-01T03:42:00+00:00,1.105627,1.105721,1.105479,1.105556,100,true
SYNTHETIC_EUR_USD,1m,2025-01-01T03:43:00+00:00,1.105556,1.105638,1.105496,1.105570,100,true
SYNTHETIC_EUR_USD,1m,2025-01-01T03:44:00+00:00,1.105570,1.105629,1.105400,1.105504,100,true
SYNTHETIC_EUR_USD,1m,2025-01-01T03:45:00+00:00,1.105504,1.105724,1.105427,1.105646,100,true
SYNTHETIC_EUR_USD,1m,2025-01-01T03:46:00+00:00,1.105646,1.105790,1.105531,1.105699,100,true
SYNTHETIC_EUR_USD,1m,2025-01-01T03:47:00+00:00,1.105699,1.105881,1.105672,1.105798,100,true
SYNTHETIC_EUR_USD,1m,2025-01-01T03:48:00+00:00,1.105798,1.106000,1.105780,1.105970,100,true
SYNTHETIC_EUR_USD,1m,2025-01-01T03:49:00+00:00,1.105970,1.106282,1.105928,1.106206,100,true
SYNTHETIC_EUR_USD,1m,2025-01-01T03:50:00+00:00,1.106206,1.106358,1.106119,1.106322,100,true
SYNTHETIC_EUR_USD,1m,2025-01-01T03:51:00+00:00,1.106322,1.106488,1.106210,1.106402,100,true
SYNTHETIC_EUR_USD,1m,2025-01-01T03:52:00+00:00,1.106402,1.106499,1.106317,1.106396,100,true
SYNTHETIC_EUR_USD,1m,2025-01-01T03:53:00+00:00,1.106396,1.106453,1.106296,1.106366,100,true
SYNTHETIC_EUR_USD,1m,2025-01-01T03:54:00+00:00,1.106366,1.106447,1.106131,1.106240,100,true
SYNTHETIC_EUR_USD,1m,2025-01-01T03:55:00+00:00,1.106240,1.106393,1.106197,1.106365,100,true
SYNTHETIC_EUR_USD,1m,2025-01-01T03:56:00+00:00,1.106365,1.106506,1.106292,1.106414,100,true
SYNTHETIC_EUR_USD,1m,2025-01-01T03:57:00+00:00,1.106414,1.106559,1.106327,1.106473,100,true
SYNTHETIC_EUR_USD,1m,2025-01-01T03:58:00+00:00,1.106473,1.106703,1.106408,1.106589,100,true
SYNTHETIC_EUR_USD,1m,2025-01-01T03:59:00+00:00,1.106589,1.106604,1.106518,1.106575,100,true
SYNTHETIC_EUR_USD,1m,2025-01-01T04:00:00+00:00,1.106575,1.106635,1.106538,1.106590,100,true
SYNTHETIC_EUR_USD,1m,2025-01-01T04:01:00+00:00,1.106590,1.106938,1.106517,1.106836,100,true
SYNTHETIC_EUR_USD,1m,2025-01-01T04:02:00+00:00,1.106836,1.107080,1.106716,1.106966,100,true
SYNTHETIC_EUR_USD,1m,2025-01-01T04:03:00+00:00,1.106966,1.106980,1.106765,1.106858,100,true
SYNTHETIC_EUR_USD,1m,2025-01-01T04:04:00+00:00,1.106858,1.106920,1.106605,1.106686,100,true
SYNTHETIC_EUR_USD,1m,2025-01-01T04:05:00+00:00,1.106686,1.106761,1.106559,1.106639,100,true
SYNTHETIC_EUR_USD,1m,2025-01-01T04:06:00+00:00,1.106639,1.106703,1.106444,1.106464,100,true
SYNTHETIC_EUR_USD,1m,2025-01-01T04:07:00+00:00,1.106464,1.106547,1.106137,1.106242,100,true
SYNTHETIC_EUR_USD,1m,2025-01-01T04:08:00+00:00,1.106242,1.106288,1.106064,1.106150,100,true
SYNTHETIC_EUR_USD,1m,2025-01-01T04:09:00+00:00,1.106150,1.106250,1.105813,1.105884,100,true
SYNTHETIC_EUR_USD,1m,2025-01-01T04:10:00+00:00,1.105884,1.106012,1.105839,1.105952,100,true
SYNTHETIC_EUR_USD,1m,2025-01-01T04:11:00+00:00,1.105952,1.106006,1.105519,1.105586,100,true
SYNTHETIC_EUR_USD,1m,2025-01-01T04:12:00+00:00,1.105586,1.105756,1.105503,1.105637,100,true
SYNTHETIC_EUR_USD,1m,2025-01-01T04:13:00+00:00,1.105637,1.105668,1.105229,1.105279,100,true
SYNTHETIC_EUR_USD,1m,2025-01-01T04:14:00+00:00,1.105279,1.105372,1.104928,1.105006,100,true
SYNTHETIC_EUR_USD,1m,2025-01-01T04:15:00+00:00,1.105006,1.105077,1.104662,1.104774,100,true
SYNTHETIC_EUR_USD,1m,2025-01-01T04:16:00+00:00,1.104774,1.104832,1.104374,1.104461,100,true
SYNTHETIC_EUR_USD,1m,2025-01-01T04:17:00+00:00,1.104461,1.104549,1.104425,1.104472,100,true
SYNTHETIC_EUR_USD,1m,2025-01-01T04:18:00+00:00,1.104472,1.104512,1.104401,1.104485,100,true
SYNTHETIC_EUR_USD,1m,2025-01-01T04:19:00+00:00,1.104485,1.104604,1.104130,1.104240,100,true
SYNTHETIC_EUR_USD,1m,2025-01-01T04:20:00+00:00,1.104240,1.104301,1.104024,1.104047,100,true
SYNTHETIC_EUR_USD,1m,2025-01-01T04:21:00+00:00,1.104047,1.104136,1.103896,1.103962,100,true
SYNTHETIC_EUR_USD,1m,2025-01-01T04:22:00+00:00,1.103962,1.104002,1.103605,1.103707,100,true
SYNTHETIC_EUR_USD,1m,2025-01-01T04:23:00+00:00,1.103707,1.103778,1.103636,1.103688,100,true
SYNTHETIC_EUR_USD,1m,2025-01-01T04:24:00+00:00,1.103688,1.103799,1.103528,1.103594,100,true
SYNTHETIC_EUR_USD,1m,2025-01-01T04:25:00+00:00,1.103594,1.103751,1.103497,1.103711,100,true
SYNTHETIC_EUR_USD,1m,2025-01-01T04:26:00+00:00,1.103711,1.103766,1.103401,1.103514,100,true
SYNTHETIC_EUR_USD,1m,2025-01-01T04:27:00+00:00,1.103514,1.103555,1.103242,1.103285,100,true
SYNTHETIC_EUR_USD,1m,2025-01-01T04:28:00+00:00,1.103285,1.103366,1.103165,1.103292,100,true
SYNTHETIC_EUR_USD,1m,2025-01-01T04:29:00+00:00,1.103292,1.103361,1.103215,1.103263,100,true
SYNTHETIC_EUR_USD,1m,2025-01-01T04:30:00+00:00,1.103263,1.103398,1.103194,1.103328,100,true
SYNTHETIC_EUR_USD,1m,2025-01-01T04:31:00+00:00,1.103328,1.103359,1.103217,1.103304,100,true
SYNTHETIC_EUR_USD,1m,2025-01-01T04:32:00+00:00,1.103304,1.103499,1.103268,1.103426,100,true
SYNTHETIC_EUR_USD,1m,2025-01-01T04:33:00+00:00,1.103426,1.103629,1.103339,1.103537,100,true
SYNTHETIC_EUR_USD,1m,2025-01-01T04:34:00+00:00,1.103537,1.103714,1.103484,1.103615,100,true
SYNTHETIC_EUR_USD,1m,2025-01-01T04:35:00+00:00,1.103615,1.103737,1.103550,1.103619,100,true
SYNTHETIC_EUR_USD,1m,2025-01-01T04:36:00+00:00,1.103619,1.103633,1.103483,1.103548,100,true
SYNTHETIC_EUR_USD,1m,2025-01-01T04:37:00+00:00,1.103548,1.103654,1.103403,1.103461,100,true
SYNTHETIC_EUR_USD,1m,2025-01-01T04:38:00+00:00,1.103461,1.103529,1.103383,1.103443,100,true
SYNTHETIC_EUR_USD,1m,2025-01-01T04:39:00+00:00,1.103443,1.103607,1.103416,1.103524,100,true
SYNTHETIC_EUR_USD,1m,2025-01-01T04:40:00+00:00,1.103524,1.103586,1.103376,1.103493,100,true
SYNTHETIC_EUR_USD,1m,2025-01-01T04:41:00+00:00,1.103493,1.103574,1.103366,1.103470,100,true
SYNTHETIC_EUR_USD,1m,2025-01-01T04:42:00+00:00,1.103470,1.103786,1.103365,1.103682,100,true
SYNTHETIC_EUR_USD,1m,2025-01-01T04:43:00+00:00,1.103682,1.103771,1.103547,1.103640,100,true
SYNTHETIC_EUR_USD,1m,2025-01-01T04:44:00+00:00,1.103640,1.103830,1.103626,1.103724,100,true
SYNTHETIC_EUR_USD,1m,2025-01-01T04:45:00+00:00,1.103724,1.103977,1.103604,1.103866,100,true
SYNTHETIC_EUR_USD,1m,2025-01-01T04:46:00+00:00,1.103866,1.103992,1.103808,1.103899,100,true
SYNTHETIC_EUR_USD,1m,2025-01-01T04:47:00+00:00,1.103899,1.104081,1.103841,1.103975,100,true
SYNTHETIC_EUR_USD,1m,2025-01-01T04:48:00+00:00,1.103975,1.104071,1.103866,1.103985,100,true
SYNTHETIC_EUR_USD,1m,2025-01-01T04:49:00+00:00,1.103985,1.104119,1.103934,1.104077,100,true
SYNTHETIC_EUR_USD,1m,2025-01-01T04:50:00+00:00,1.104077,1.104103,1.103932,1.104000,100,true
SYNTHETIC_EUR_USD,1m,2025-01-01T04:51:00+00:00,1.104000,1.104029,1.103627,1.103646,100,true
SYNTHETIC_EUR_USD,1m,2025-01-01T04:52:00+00:00,1.103646,1.103751,1.103302,1.103380,100,true
SYNTHETIC_EUR_USD,1m,2025-01-01T04:53:00+00:00,1.103380,1.103405,1.103136,1.103197,100,true
SYNTHETIC_EUR_USD,1m,2025-01-01T04:54:00+00:00,1.103197,1.103287,1.103159,1.103249,100,true
SYNTHETIC_EUR_USD,1m,2025-01-01T04:55:00+00:00,1.103249,1.103358,1.103156,1.103240,100,true
SYNTHETIC_EUR_USD,1m,2025-01-01T04:56:00+00:00,1.103240,1.103268,1.102961,1.103019,100,true
SYNTHETIC_EUR_USD,1m,2025-01-01T04:57:00+00:00,1.103019,1.103100,1.102634,1.102691,100,true
SYNTHETIC_EUR_USD,1m,2025-01-01T04:58:00+00:00,1.102691,1.102728,1.102479,1.102582,100,true
SYNTHETIC_EUR_USD,1m,2025-01-01T04:59:00+00:00,1.102582,1.102646,1.102346,1.102382,100,true
SYNTHETIC_EUR_USD,1m,2025-01-01T05:00:00+00:00,1.102382,1.102455,1.102189,1.102262,100,true
SYNTHETIC_EUR_USD,1m,2025-01-01T05:01:00+00:00,1.102262,1.102380,1.102118,1.102200,100,true
SYNTHETIC_EUR_USD,1m,2025-01-01T05:02:00+00:00,1.102200,1.102240,1.101974,1.102046,100,true
SYNTHETIC_EUR_USD,1m,2025-01-01T05:03:00+00:00,1.102046,1.102061,1.101757,1.101834,100,true
SYNTHETIC_EUR_USD,1m,2025-01-01T05:04:00+00:00,1.101834,1.101899,1.101427,1.101536,100,true
SYNTHETIC_EUR_USD,1m,2025-01-01T05:05:00+00:00,1.101536,1.101613,1.101344,1.101393,100,true
SYNTHETIC_EUR_USD,1m,2025-01-01T05:06:00+00:00,1.101393,1.101611,1.101315,1.101530,100,true
SYNTHETIC_EUR_USD,1m,2025-01-01T05:07:00+00:00,1.101530,1.101613,1.101297,1.101399,100,true
SYNTHETIC_EUR_USD,1m,2025-01-01T05:08:00+00:00,1.101399,1.101478,1.101095,1.101204,100,true
SYNTHETIC_EUR_USD,1m,2025-01-01T05:09:00+00:00,1.101204,1.101262,1.101071,1.101145,100,true
SYNTHETIC_EUR_USD,1m,2025-01-01T05:10:00+00:00,1.101145,1.101235,1.101071,1.101091,100,true
SYNTHETIC_EUR_USD,1m,2025-01-01T05:11:00+00:00,1.101091,1.101121,1.101065,1.101089,100,true
SYNTHETIC_EUR_USD,1m,2025-01-01T05:12:00+00:00,1.101089,1.101428,1.100973,1.101358,100,true
SYNTHETIC_EUR_USD,1m,2025-01-01T05:13:00+00:00,1.101358,1.101460,1.101160,1.101198,100,true
SYNTHETIC_EUR_USD,1m,2025-01-01T05:14:00+00:00,1.101198,1.101368,1.101135,1.101267,100,true
SYNTHETIC_EUR_USD,1m,2025-01-01T05:15:00+00:00,1.101267,1.101521,1.101244,1.101474,100,true
SYNTHETIC_EUR_USD,1m,2025-01-01T05:16:00+00:00,1.101474,1.101590,1.101415,1.101441,100,true
SYNTHETIC_EUR_USD,1m,2025-01-01T05:17:00+00:00,1.101441,1.101928,1.101323,1.101839,100,true
SYNTHETIC_EUR_USD,1m,2025-01-01T05:18:00+00:00,1.101839,1.102079,1.101740,1.101963,100,true
SYNTHETIC_EUR_USD,1m,2025-01-01T05:19:00+00:00,1.101963,1.102012,1.101894,1.102000,100,true
SYNTHETIC_EUR_USD,1m,2025-01-01T05:20:00+00:00,1.102000,1.102399,1.101916,1.102339,100,true
SYNTHETIC_EUR_USD,1m,2025-01-01T05:21:00+00:00,1.102339,1.102542,1.102225,1.102442,100,true
SYNTHETIC_EUR_USD,1m,2025-01-01T05:22:00+00:00,1.102442,1.102495,1.102406,1.102473,100,true
SYNTHETIC_EUR_USD,1m,2025-01-01T05:23:00+00:00,1.102473,1.102953,1.102362,1.102881,100,true
SYNTHETIC_EUR_USD,1m,2025-01-01T05:24:00+00:00,1.102881,1.103104,1.102864,1.103070,100,true
SYNTHETIC_EUR_USD,1m,2025-01-01T05:25:00+00:00,1.103070,1.103365,1.103015,1.103322,100,true
SYNTHETIC_EUR_USD,1m,2025-01-01T05:26:00+00:00,1.103322,1.103347,1.103088,1.103202,100,true
SYNTHETIC_EUR_USD,1m,2025-01-01T05:27:00+00:00,1.103202,1.103270,1.103094,1.103249,100,true
SYNTHETIC_EUR_USD,1m,2025-01-01T05:28:00+00:00,1.103249,1.103478,1.103189,1.103453,100,true
SYNTHETIC_EUR_USD,1m,2025-01-01T05:29:00+00:00,1.103453,1.103567,1.103349,1.103405,100,true
SYNTHETIC_EUR_USD,1m,2025-01-01T05:30:00+00:00,1.103405,1.103497,1.103227,1.103254,100,true
SYNTHETIC_EUR_USD,1m,2025-01-01T05:31:00+00:00,1.103254,1.103318,1.103148,1.103203,100,true
SYNTHETIC_EUR_USD,1m,2025-01-01T05:32:00+00:00,1.103203,1.103318,1.103189,1.103202,100,true
SYNTHETIC_EUR_USD,1m,2025-01-01T05:33:00+00:00,1.103202,1.103317,1.102955,1.103059,100,true
SYNTHETIC_EUR_USD,1m,2025-01-01T05:34:00+00:00,1.103059,1.103096,1.102974,1.103076,100,true
SYNTHETIC_EUR_USD,1m,2025-01-01T05:35:00+00:00,1.103076,1.103125,1.102603,1.102657,100,true
SYNTHETIC_EUR_USD,1m,2025-01-01T05:36:00+00:00,1.102657,1.102688,1.102422,1.102445,100,true
SYNTHETIC_EUR_USD,1m,2025-01-01T05:37:00+00:00,1.102445,1.102528,1.102303,1.102383,100,true
SYNTHETIC_EUR_USD,1m,2025-01-01T05:38:00+00:00,1.102383,1.102459,1.102110,1.102122,100,true
SYNTHETIC_EUR_USD,1m,2025-01-01T05:39:00+00:00,1.102122,1.102146,1.101905,1.101977,100,true
SYNTHETIC_EUR_USD,1m,2025-01-01T05:40:00+00:00,1.101977,1.101995,1.101622,1.101717,100,true
SYNTHETIC_EUR_USD,1m,2025-01-01T05:41:00+00:00,1.101717,1.101822,1.101514,1.101560,100,true
SYNTHETIC_EUR_USD,1m,2025-01-01T05:42:00+00:00,1.101560,1.101586,1.101352,1.101461,100,true
SYNTHETIC_EUR_USD,1m,2025-01-01T05:43:00+00:00,1.101461,1.101546,1.101437,1.101520,100,true
SYNTHETIC_EUR_USD,1m,2025-01-01T05:44:00+00:00,1.101520,1.101558,1.101324,1.101353,100,true
SYNTHETIC_EUR_USD,1m,2025-01-01T05:45:00+00:00,1.101353,1.101365,1.101079,1.101176,100,true
SYNTHETIC_EUR_USD,1m,2025-01-01T05:46:00+00:00,1.101176,1.101212,1.100958,1.101004,100,true
SYNTHETIC_EUR_USD,1m,2025-01-01T05:47:00+00:00,1.101004,1.101095,1.100820,1.100888,100,true
SYNTHETIC_EUR_USD,1m,2025-01-01T05:48:00+00:00,1.100888,1.100980,1.100745,1.100808,100,true
SYNTHETIC_EUR_USD,1m,2025-01-01T05:49:00+00:00,1.100808,1.100830,1.100673,1.100739,100,true
SYNTHETIC_EUR_USD,1m,2025-01-01T05:50:00+00:00,1.100739,1.100853,1.100511,1.100525,100,true
SYNTHETIC_EUR_USD,1m,2025-01-01T05:51:00+00:00,1.100525,1.100596,1.100465,1.100528,100,true
SYNTHETIC_EUR_USD,1m,2025-01-01T05:52:00+00:00,1.100528,1.100644,1.100254,1.100270,100,true
SYNTHETIC_EUR_USD,1m,2025-01-01T05:53:00+00:00,1.100270,1.100356,1.100090,1.100153,100,true
SYNTHETIC_EUR_USD,1m,2025-01-01T05:54:00+00:00,1.100153,1.100309,1.100135,1.100199,100,true
SYNTHETIC_EUR_USD,1m,2025-01-01T05:55:00+00:00,1.100199,1.100414,1.100158,1.100397,100,true
SYNTHETIC_EUR_USD,1m,2025-01-01T05:56:00+00:00,1.100397,1.100634,1.100326,1.100554,100,true
SYNTHETIC_EUR_USD,1m,2025-01-01T05:57:00+00:00,1.100554,1.100623,1.100418,1.100478,100,true
SYNTHETIC_EUR_USD,1m,2025-01-01T05:58:00+00:00,1.100478,1.101021,1.100457,1.100944,100,true
SYNTHETIC_EUR_USD,1m,2025-01-01T05:59:00+00:00,1.100944,1.101094,1.100850,1.101013,100,true
SYNTHETIC_EUR_USD,1m,2025-01-01T06:00:00+00:00,1.101013,1.101102,1.100908,1.100942,100,true
SYNTHETIC_EUR_USD,1m,2025-01-01T06:01:00+00:00,1.100942,1.101072,1.100882,1.101025,100,true
SYNTHETIC_EUR_USD,1m,2025-01-01T06:02:00+00:00,1.101025,1.101280,1.101004,1.101224,100,true
SYNTHETIC_EUR_USD,1m,2025-01-01T06:03:00+00:00,1.101224,1.101295,1.101198,1.101244,100,true
SYNTHETIC_EUR_USD,1m,2025-01-01T06:04:00+00:00,1.101244,1.101614,1.101227,1.101503,100,true
SYNTHETIC_EUR_USD,1m,2025-01-01T06:05:00+00:00,1.101503,1.101727,1.101412,1.101707,100,true
SYNTHETIC_EUR_USD,1m,2025-01-01T06:06:00+00:00,1.101707,1.101931,1.101635,1.101832,100,true
SYNTHETIC_EUR_USD,1m,2025-01-01T06:07:00+00:00,1.101832,1.101908,1.101808,1.101862,100,true
SYNTHETIC_EUR_USD,1m,2025-01-01T06:08:00+00:00,1.101862,1.101981,1.101779,1.101932,100,true
SYNTHETIC_EUR_USD,1m,2025-01-01T06:09:00+00:00,1.101932,1.102155,1.101815,1.102066,100,true
SYNTHETIC_EUR_USD,1m,2025-01-01T06:10:00+00:00,1.102066,1.102142,1.101890,1.101939,100,true
SYNTHETIC_EUR_USD,1m,2025-01-01T06:11:00+00:00,1.101939,1.102042,1.101904,1.101960,100,true
SYNTHETIC_EUR_USD,1m,2025-01-01T06:12:00+00:00,1.101960,1.102014,1.101857,1.101992,100,true
SYNTHETIC_EUR_USD,1m,2025-01-01T06:13:00+00:00,1.101992,1.102065,1.101803,1.101902,100,true
SYNTHETIC_EUR_USD,1m,2025-01-01T06:14:00+00:00,1.101902,1.102177,1.101785,1.102074,100,true
SYNTHETIC_EUR_USD,1m,2025-01-01T06:15:00+00:00,1.102074,1.102220,1.102062,1.102140,100,true
SYNTHETIC_EUR_USD,1m,2025-01-01T06:16:00+00:00,1.102140,1.102252,1.101858,1.101960,100,true
SYNTHETIC_EUR_USD,1m,2025-01-01T06:17:00+00:00,1.101960,1.102047,1.101853,1.101897,100,true
SYNTHETIC_EUR_USD,1m,2025-01-01T06:18:00+00:00,1.101897,1.101944,1.101883,1.101894,100,true
SYNTHETIC_EUR_USD,1m,2025-01-01T06:19:00+00:00,1.101894,1.101953,1.101868,1.101899,100,true
SYNTHETIC_EUR_USD,1m,2025-01-01T06:20:00+00:00,1.101899,1.101979,1.101652,1.101665,100,true
SYNTHETIC_EUR_USD,1m,2025-01-01T06:21:00+00:00,1.101665,1.101722,1.101477,1.101525,100,true
SYNTHETIC_EUR_USD,1m,2025-01-01T06:22:00+00:00,1.101525,1.101576,1.101198,1.101288,100,true
SYNTHETIC_EUR_USD,1m,2025-01-01T06:23:00+00:00,1.101288,1.101307,1.101133,1.101149,100,true
SYNTHETIC_EUR_USD,1m,2025-01-01T06:24:00+00:00,1.101149,1.101176,1.100744,1.100822,100,true
SYNTHETIC_EUR_USD,1m,2025-01-01T06:25:00+00:00,1.100822,1.100904,1.100535,1.100599,100,true
SYNTHETIC_EUR_USD,1m,2025-01-01T06:26:00+00:00,1.100599,1.100658,1.100294,1.100334,100,true
SYNTHETIC_EUR_USD,1m,2025-01-01T06:27:00+00:00,1.100334,1.100391,1.100117,1.100158,100,true
SYNTHETIC_EUR_USD,1m,2025-01-01T06:28:00+00:00,1.100158,1.100243,1.099864,1.099928,100,true
SYNTHETIC_EUR_USD,1m,2025-01-01T06:29:00+00:00,1.099928,1.099981,1.099672,1.099748,100,true
SYNTHETIC_EUR_USD,1m,2025-01-01T06:30:00+00:00,1.099748,1.099758,1.099523,1.099567,100,true
SYNTHETIC_EUR_USD,1m,2025-01-01T06:31:00+00:00,1.099567,1.099605,1.099403,1.099449,100,true
SYNTHETIC_EUR_USD,1m,2025-01-01T06:32:00+00:00,1.099449,1.099460,1.099305,1.099397,100,true
SYNTHETIC_EUR_USD,1m,2025-01-01T06:33:00+00:00,1.099397,1.099485,1.099291,1.099356,100,true
SYNTHETIC_EUR_USD,1m,2025-01-01T06:34:00+00:00,1.099356,1.099492,1.099258,1.099390,100,true
SYNTHETIC_EUR_USD,1m,2025-01-01T06:35:00+00:00,1.099390,1.099573,1.099378,1.099558,100,true
SYNTHETIC_EUR_USD,1m,2025-01-01T06:36:00+00:00,1.099558,1.099752,1.099453,1.099641,100,true
SYNTHETIC_EUR_USD,1m,2025-01-01T06:37:00+00:00,1.099641,1.099729,1.099450,1.099506,100,true
SYNTHETIC_EUR_USD,1m,2025-01-01T06:38:00+00:00,1.099506,1.099528,1.099451,1.099464,100,true
SYNTHETIC_EUR_USD,1m,2025-01-01T06:39:00+00:00,1.099464,1.099542,1.099319,1.099421,100,true
SYNTHETIC_EUR_USD,1m,2025-01-01T06:40:00+00:00,1.099421,1.099803,1.099401,1.099692,100,true
SYNTHETIC_EUR_USD,1m,2025-01-01T06:41:00+00:00,1.099692,1.099917,1.099624,1.099842,100,true
SYNTHETIC_EUR_USD,1m,2025-01-01T06:42:00+00:00,1.099842,1.099943,1.099798,1.099889,100,true
SYNTHETIC_EUR_USD,1m,2025-01-01T06:43:00+00:00,1.099889,1.099999,1.099823,1.099970,100,true
SYNTHETIC_EUR_USD,1m,2025-01-01T06:44:00+00:00,1.099970,1.100238,1.099904,1.100215,100,true
SYNTHETIC_EUR_USD,1m,2025-01-01T06:45:00+00:00,1.100215,1.100563,1.100115,1.100473,100,true
SYNTHETIC_EUR_USD,1m,2025-01-01T06:46:00+00:00,1.100473,1.100685,1.100437,1.100585,100,true
SYNTHETIC_EUR_USD,1m,2025-01-01T06:47:00+00:00,1.100585,1.100888,1.100491,1.100812,100,true
SYNTHETIC_EUR_USD,1m,2025-01-01T06:48:00+00:00,1.100812,1.101137,1.100782,1.101055,100,true
SYNTHETIC_EUR_USD,1m,2025-01-01T06:49:00+00:00,1.101055,1.101346,1.100962,1.101253,100,true
SYNTHETIC_EUR_USD,1m,2025-01-01T06:50:00+00:00,1.101253,1.101345,1.101141,1.101285,100,true
SYNTHETIC_EUR_USD,1m,2025-01-01T06:51:00+00:00,1.101285,1.101369,1.101180,1.101291,100,true
SYNTHETIC_EUR_USD,1m,2025-01-01T06:52:00+00:00,1.101291,1.101452,1.101264,1.101373,100,true
SYNTHETIC_EUR_USD,1m,2025-01-01T06:53:00+00:00,1.101373,1.101667,1.101332,1.101624,100,true
SYNTHETIC_EUR_USD,1m,2025-01-01T06:54:00+00:00,1.101624,1.101809,1.101558,1.101792,100,true
SYNTHETIC_EUR_USD,1m,2025-01-01T06:55:00+00:00,1.101792,1.101854,1.101691,1.101837,100,true
SYNTHETIC_EUR_USD,1m,2025-01-01T06:56:00+00:00,1.101837,1.102049,1.101732,1.102030,100,true
SYNTHETIC_EUR_USD,1m,2025-01-01T06:57:00+00:00,1.102030,1.102245,1.101969,1.102179,100,true
SYNTHETIC_EUR_USD,1m,2025-01-01T06:58:00+00:00,1.102179,1.102250,1.101972,1.102069,100,true
SYNTHETIC_EUR_USD,1m,2025-01-01T06:59:00+00:00,1.102069,1.102268,1.101988,1.102169,100,true
SYNTHETIC_EUR_USD,1m,2025-01-01T07:00:00+00:00,1.102169,1.102214,1.101997,1.102059,100,true
SYNTHETIC_EUR_USD,1m,2025-01-01T07:01:00+00:00,1.102059,1.102081,1.101921,1.102029,100,true
SYNTHETIC_EUR_USD,1m,2025-01-01T07:02:00+00:00,1.102029,1.102077,1.101897,1.101986,100,true
SYNTHETIC_EUR_USD,1m,2025-01-01T07:03:00+00:00,1.101986,1.102023,1.101753,1.101811,100,true
SYNTHETIC_EUR_USD,1m,2025-01-01T07:04:00+00:00,1.101811,1.101869,1.101620,1.101688,100,true
SYNTHETIC_EUR_USD,1m,2025-01-01T07:05:00+00:00,1.101688,1.101729,1.101557,1.101612,100,true
SYNTHETIC_EUR_USD,1m,2025-01-01T07:06:00+00:00,1.101612,1.101659,1.101479,1.101555,100,true
SYNTHETIC_EUR_USD,1m,2025-01-01T07:07:00+00:00,1.101555,1.101572,1.101412,1.101432,100,true
SYNTHETIC_EUR_USD,1m,2025-01-01T07:08:00+00:00,1.101432,1.101517,1.101049,1.101090,100,true
SYNTHETIC_EUR_USD,1m,2025-01-01T07:09:00+00:00,1.101090,1.101200,1.100776,1.100882,100,true
SYNTHETIC_EUR_USD,1m,2025-01-01T07:10:00+00:00,1.100882,1.100929,1.100455,1.100529,100,true
SYNTHETIC_EUR_USD,1m,2025-01-01T07:11:00+00:00,1.100529,1.100646,1.100335,1.100422,100,true
SYNTHETIC_EUR_USD,1m,2025-01-01T07:12:00+00:00,1.100422,1.100475,1.100262,1.100337,100,true
SYNTHETIC_EUR_USD,1m,2025-01-01T07:13:00+00:00,1.100337,1.100389,1.100174,1.100271,100,true
SYNTHETIC_EUR_USD,1m,2025-01-01T07:14:00+00:00,1.100271,1.100370,1.099999,1.100083,100,true
SYNTHETIC_EUR_USD,1m,2025-01-01T07:15:00+00:00,1.100083,1.100168,1.099975,1.100043,100,true
SYNTHETIC_EUR_USD,1m,2025-01-01T07:16:00+00:00,1.100043,1.100124,1.099699,1.099756,100,true
SYNTHETIC_EUR_USD,1m,2025-01-01T07:17:00+00:00,1.099756,1.099786,1.099555,1.099589,100,true
SYNTHETIC_EUR_USD,1m,2025-01-01T07:18:00+00:00,1.099589,1.099719,1.099525,1.099605,100,true
SYNTHETIC_EUR_USD,1m,2025-01-01T07:19:00+00:00,1.099605,1.099624,1.099465,1.099568,100,true
SYNTHETIC_EUR_USD,1m,2025-01-01T07:20:00+00:00,1.099568,1.099633,1.099474,1.099612,100,true
SYNTHETIC_EUR_USD,1m,2025-01-01T07:21:00+00:00,1.099612,1.099757,1.099565,1.099743,100,true
SYNTHETIC_EUR_USD,1m,2025-01-01T07:22:00+00:00,1.099743,1.099838,1.099535,1.099559,100,true
SYNTHETIC_EUR_USD,1m,2025-01-01T07:23:00+00:00,1.099559,1.099665,1.099464,1.099563,100,true
SYNTHETIC_EUR_USD,1m,2025-01-01T07:24:00+00:00,1.099563,1.099791,1.099535,1.099692,100,true
SYNTHETIC_EUR_USD,1m,2025-01-01T07:25:00+00:00,1.099692,1.099777,1.099643,1.099679,100,true
SYNTHETIC_EUR_USD,1m,2025-01-01T07:26:00+00:00,1.099679,1.099906,1.099638,1.099848,100,true
SYNTHETIC_EUR_USD,1m,2025-01-01T07:27:00+00:00,1.099848,1.100054,1.099804,1.099985,100,true
SYNTHETIC_EUR_USD,1m,2025-01-01T07:28:00+00:00,1.099985,1.100107,1.099924,1.100008,100,true
SYNTHETIC_EUR_USD,1m,2025-01-01T07:29:00+00:00,1.100008,1.100347,1.099890,1.100232,100,true
SYNTHETIC_EUR_USD,1m,2025-01-01T07:30:00+00:00,1.100232,1.100368,1.100191,1.100308,100,true
SYNTHETIC_EUR_USD,1m,2025-01-01T07:31:00+00:00,1.100308,1.100494,1.100208,1.100378,100,true
SYNTHETIC_EUR_USD,1m,2025-01-01T07:32:00+00:00,1.100378,1.100755,1.100353,1.100657,100,true
SYNTHETIC_EUR_USD,1m,2025-01-01T07:33:00+00:00,1.100657,1.100941,1.100586,1.100835,100,true
SYNTHETIC_EUR_USD,1m,2025-01-01T07:34:00+00:00,1.100835,1.101199,1.100732,1.101178,100,true
SYNTHETIC_EUR_USD,1m,2025-01-01T07:35:00+00:00,1.101178,1.101492,1.101138,1.101398,100,true
SYNTHETIC_EUR_USD,1m,2025-01-01T07:36:00+00:00,1.101398,1.101577,1.101372,1.101468,100,true
SYNTHETIC_EUR_USD,1m,2025-01-01T07:37:00+00:00,1.101468,1.101502,1.101273,1.101332,100,true
SYNTHETIC_EUR_USD,1m,2025-01-01T07:38:00+00:00,1.101332,1.101606,1.101319,1.101558,100,true
SYNTHETIC_EUR_USD,1m,2025-01-01T07:39:00+00:00,1.101558,1.101821,1.101438,1.101785,100,true
SYNTHETIC_EUR_USD,1m,2025-01-01T07:40:00+00:00,1.101785,1.101953,1.101772,1.101902,100,true
SYNTHETIC_EUR_USD,1m,2025-01-01T07:41:00+00:00,1.101902,1.102238,1.101805,1.102156,100,true
SYNTHETIC_EUR_USD,1m,2025-01-01T07:42:00+00:00,1.102156,1.102181,1.102039,1.102080,100,true
SYNTHETIC_EUR_USD,1m,2025-01-01T07:43:00+00:00,1.102080,1.102190,1.101993,1.102165,100,true
SYNTHETIC_EUR_USD,1m,2025-01-01T07:44:00+00:00,1.102165,1.102224,1.101961,1.101972,100,true
SYNTHETIC_EUR_USD,1m,2025-01-01T07:45:00+00:00,1.101972,1.102099,1.101901,1.101998,100,true
SYNTHETIC_EUR_USD,1m,2025-01-01T07:46:00+00:00,1.101998,1.102088,1.101894,1.101963,100,true
SYNTHETIC_EUR_USD,1m,2025-01-01T07:47:00+00:00,1.101963,1.102006,1.101922,1.101937,100,true
SYNTHETIC_EUR_USD,1m,2025-01-01T07:48:00+00:00,1.101937,1.101993,1.101782,1.101879,100,true
SYNTHETIC_EUR_USD,1m,2025-01-01T07:49:00+00:00,1.101879,1.101989,1.101608,1.101684,100,true
SYNTHETIC_EUR_USD,1m,2025-01-01T07:50:00+00:00,1.101684,1.101696,1.101479,1.101545,100,true
SYNTHETIC_EUR_USD,1m,2025-01-01T07:51:00+00:00,1.101545,1.101603,1.101305,1.101383,100,true
SYNTHETIC_EUR_USD,1m,2025-01-01T07:52:00+00:00,1.101383,1.101420,1.101220,1.101276,100,true
SYNTHETIC_EUR_USD,1m,2025-01-01T07:53:00+00:00,1.101276,1.101393,1.101053,1.101071,100,true
SYNTHETIC_EUR_USD,1m,2025-01-01T07:54:00+00:00,1.101071,1.101139,1.100782,1.100847,100,true
SYNTHETIC_EUR_USD,1m,2025-01-01T07:55:00+00:00,1.100847,1.100900,1.100760,1.100822,100,true
SYNTHETIC_EUR_USD,1m,2025-01-01T07:56:00+00:00,1.100822,1.100902,1.100522,1.100640,100,true
SYNTHETIC_EUR_USD,1m,2025-01-01T07:57:00+00:00,1.100640,1.100736,1.100430,1.100478,100,true
SYNTHETIC_EUR_USD,1m,2025-01-01T07:58:00+00:00,1.100478,1.100568,1.100271,1.100351,100,true
SYNTHETIC_EUR_USD,1m,2025-01-01T07:59:00+00:00,1.100351,1.100397,1.100229,1.100244,100,true
SYNTHETIC_EUR_USD,1m,2025-01-01T08:00:00+00:00,1.100244,1.100314,1.099837,1.099936,100,true
SYNTHETIC_EUR_USD,1m,2025-01-01T08:01:00+00:00,1.099936,1.099999,1.099850,1.099938,100,true
SYNTHETIC_EUR_USD,1m,2025-01-01T08:02:00+00:00,1.099938,1.100133,1.099838,1.100053,100,true
SYNTHETIC_EUR_USD,1m,2025-01-01T08:03:00+00:00,1.100053,1.100259,1.100011,1.100199,100,true
SYNTHETIC_EUR_USD,1m,2025-01-01T08:04:00+00:00,1.100199,1.100273,1.100167,1.100259,100,true
SYNTHETIC_EUR_USD,1m,2025-01-01T08:05:00+00:00,1.100259,1.100600,1.100140,1.100533,100,true
SYNTHETIC_EUR_USD,1m,2025-01-01T08:06:00+00:00,1.100533,1.100706,1.100495,1.100636,100,true
SYNTHETIC_EUR_USD,1m,2025-01-01T08:07:00+00:00,1.100636,1.100743,1.100541,1.100694,100,true
SYNTHETIC_EUR_USD,1m,2025-01-01T08:08:00+00:00,1.100694,1.100800,1.100647,1.100695,100,true
SYNTHETIC_EUR_USD,1m,2025-01-01T08:09:00+00:00,1.100695,1.100986,1.100603,1.100878,100,true
SYNTHETIC_EUR_USD,1m,2025-01-01T08:10:00+00:00,1.100878,1.101189,1.100825,1.101081,100,true
SYNTHETIC_EUR_USD,1m,2025-01-01T08:11:00+00:00,1.101081,1.101423,1.100969,1.101358,100,true
SYNTHETIC_EUR_USD,1m,2025-01-01T08:12:00+00:00,1.101358,1.101557,1.101260,1.101489,100,true
SYNTHETIC_EUR_USD,1m,2025-01-01T08:13:00+00:00,1.101489,1.101725,1.101389,1.101648,100,true
SYNTHETIC_EUR_USD,1m,2025-01-01T08:14:00+00:00,1.101648,1.101844,1.101603,1.101774,100,true
SYNTHETIC_EUR_USD,1m,2025-01-01T08:15:00+00:00,1.101774,1.102151,1.101698,1.102108,100,true
SYNTHETIC_EUR_USD,1m,2025-01-01T08:16:00+00:00,1.102108,1.102430,1.102022,1.102373,100,true
SYNTHETIC_EUR_USD,1m,2025-01-01T08:17:00+00:00,1.102373,1.102635,1.102324,1.102529,100,true
SYNTHETIC_EUR_USD,1m,2025-01-01T08:18:00+00:00,1.102529,1.102848,1.102489,1.102729,100,true
SYNTHETIC_EUR_USD,1m,2025-01-01T08:19:00+00:00,1.102729,1.103198,1.102648,1.103179,100,true
SYNTHETIC_EUR_USD,1m,2025-01-01T08:20:00+00:00,1.103179,1.103341,1.103081,1.103292,100,true
SYNTHETIC_EUR_USD,1m,2025-01-01T08:21:00+00:00,1.103292,1.103317,1.102923,1.103000,100,true
SYNTHETIC_EUR_USD,1m,2025-01-01T08:22:00+00:00,1.103000,1.103096,1.102207,1.102221,100,true
SYNTHETIC_EUR_USD,1m,2025-01-01T08:23:00+00:00,1.102221,1.102998,1.102169,1.102947,100,true
SYNTHETIC_EUR_USD,1m,2025-01-01T08:24:00+00:00,1.102947,1.103375,1.102871,1.103302,100,true
SYNTHETIC_EUR_USD,1m,2025-01-01T08:25:00+00:00,1.103302,1.103353,1.102834,1.102927,100,true
SYNTHETIC_EUR_USD,1m,2025-01-01T08:26:00+00:00,1.102927,1.103001,1.102000,1.102068,100,true
SYNTHETIC_EUR_USD,1m,2025-01-01T08:27:00+00:00,1.102068,1.102105,1.101576,1.101598,100,true
SYNTHETIC_EUR_USD,1m,2025-01-01T08:28:00+00:00,1.101598,1.102005,1.101533,1.101914,100,true
SYNTHETIC_EUR_USD,1m,2025-01-01T08:29:00+00:00,1.101914,1.101952,1.101430,1.101468,100,true
SYNTHETIC_EUR_USD,1m,2025-01-01T08:30:00+00:00,1.101468,1.101783,1.101349,1.101724,100,true
SYNTHETIC_EUR_USD,1m,2025-01-01T08:31:00+00:00,1.101724,1.101788,1.101401,1.101424,100,true
SYNTHETIC_EUR_USD,1m,2025-01-01T08:32:00+00:00,1.101424,1.102276,1.101365,1.102172,100,true
SYNTHETIC_EUR_USD,1m,2025-01-01T08:33:00+00:00,1.102172,1.102401,1.102087,1.102381,100,true
SYNTHETIC_EUR_USD,1m,2025-01-01T08:34:00+00:00,1.102381,1.102484,1.101924,1.101969,100,true
SYNTHETIC_EUR_USD,1m,2025-01-01T08:35:00+00:00,1.101969,1.102039,1.101611,1.101719,100,true
SYNTHETIC_EUR_USD,1m,2025-01-01T08:36:00+00:00,1.101719,1.101823,1.101577,1.101665,100,true
SYNTHETIC_EUR_USD,1m,2025-01-01T08:37:00+00:00,1.101665,1.102095,1.101599,1.101998,100,true
SYNTHETIC_EUR_USD,1m,2025-01-01T08:38:00+00:00,1.101998,1.102021,1.101534,1.101566,100,true
SYNTHETIC_EUR_USD,1m,2025-01-01T08:39:00+00:00,1.101566,1.101856,1.101495,1.101844,100,true
SYNTHETIC_EUR_USD,1m,2025-01-01T08:40:00+00:00,1.101844,1.102265,1.101745,1.102214,100,true
SYNTHETIC_EUR_USD,1m,2025-01-01T08:41:00+00:00,1.102214,1.102234,1.101487,1.101531,100,true
SYNTHETIC_EUR_USD,1m,2025-01-01T08:42:00+00:00,1.101531,1.101651,1.101118,1.101207,100,true
SYNTHETIC_EUR_USD,1m,2025-01-01T08:43:00+00:00,1.101207,1.101308,1.100380,1.100399,100,true
SYNTHETIC_EUR_USD,1m,2025-01-01T08:44:00+00:00,1.100399,1.100516,1.100094,1.100175,100,true
SYNTHETIC_EUR_USD,1m,2025-01-01T08:45:00+00:00,1.100175,1.100223,1.099401,1.099508,100,true
SYNTHETIC_EUR_USD,1m,2025-01-01T08:46:00+00:00,1.099508,1.099720,1.099427,1.099625,100,true
SYNTHETIC_EUR_USD,1m,2025-01-01T08:47:00+00:00,1.099625,1.100069,1.099514,1.100011,100,true
SYNTHETIC_EUR_USD,1m,2025-01-01T08:48:00+00:00,1.100011,1.100955,1.099987,1.100938,100,true
SYNTHETIC_EUR_USD,1m,2025-01-01T08:49:00+00:00,1.100938,1.101127,1.100850,1.101081,100,true
SYNTHETIC_EUR_USD,1m,2025-01-01T08:50:00+00:00,1.101081,1.101357,1.100968,1.101309,100,true
SYNTHETIC_EUR_USD,1m,2025-01-01T08:51:00+00:00,1.101309,1.102014,1.101229,1.101976,100,true
SYNTHETIC_EUR_USD,1m,2025-01-01T08:52:00+00:00,1.101976,1.102047,1.101558,1.101581,100,true
SYNTHETIC_EUR_USD,1m,2025-01-01T08:53:00+00:00,1.101581,1.101647,1.101494,1.101522,100,true
SYNTHETIC_EUR_USD,1m,2025-01-01T08:54:00+00:00,1.101522,1.102225,1.101495,1.102111,100,true
SYNTHETIC_EUR_USD,1m,2025-01-01T08:55:00+00:00,1.102111,1.102188,1.101802,1.101904,100,true
SYNTHETIC_EUR_USD,1m,2025-01-01T08:56:00+00:00,1.101904,1.101976,1.101421,1.101522,100,true
SYNTHETIC_EUR_USD,1m,2025-01-01T08:57:00+00:00,1.101522,1.101889,1.101449,1.101808,100,true
SYNTHETIC_EUR_USD,1m,2025-01-01T08:58:00+00:00,1.101808,1.102085,1.101714,1.102004,100,true
SYNTHETIC_EUR_USD,1m,2025-01-01T08:59:00+00:00,1.102004,1.102069,1.101609,1.101688,100,true
SYNTHETIC_EUR_USD,1m,2025-01-01T09:00:00+00:00,1.101688,1.102196,1.101573,1.102154,100,true
SYNTHETIC_EUR_USD,1m,2025-01-01T09:01:00+00:00,1.102154,1.102239,1.101570,1.101613,100,true
SYNTHETIC_EUR_USD,1m,2025-01-01T09:02:00+00:00,1.101613,1.101879,1.101596,1.101861,100,true
SYNTHETIC_EUR_USD,1m,2025-01-01T09:03:00+00:00,1.101861,1.101893,1.101518,1.101595,100,true
SYNTHETIC_EUR_USD,1m,2025-01-01T09:04:00+00:00,1.101595,1.101958,1.101506,1.101913,100,true
SYNTHETIC_EUR_USD,1m,2025-01-01T09:05:00+00:00,1.101913,1.102084,1.101889,1.101967,100,true
SYNTHETIC_EUR_USD,1m,2025-01-01T09:06:00+00:00,1.101967,1.102018,1.101218,1.101290,100,true
SYNTHETIC_EUR_USD,1m,2025-01-01T09:07:00+00:00,1.101290,1.101330,1.101157,1.101194,100,true
SYNTHETIC_EUR_USD,1m,2025-01-01T09:08:00+00:00,1.101194,1.101691,1.101152,1.101670,100,true
SYNTHETIC_EUR_USD,1m,2025-01-01T09:09:00+00:00,1.101670,1.101708,1.101198,1.101303,100,true
SYNTHETIC_EUR_USD,1m,2025-01-01T09:10:00+00:00,1.101303,1.101718,1.101257,1.101691,100,true
SYNTHETIC_EUR_USD,1m,2025-01-01T09:11:00+00:00,1.101691,1.101785,1.101314,1.101379,100,true
SYNTHETIC_EUR_USD,1m,2025-01-01T09:12:00+00:00,1.101379,1.101446,1.101120,1.101185,100,true
SYNTHETIC_EUR_USD,1m,2025-01-01T09:13:00+00:00,1.101185,1.101299,1.101032,1.101098,100,true
SYNTHETIC_EUR_USD,1m,2025-01-01T09:14:00+00:00,1.101098,1.101215,1.101064,1.101099,100,true
SYNTHETIC_EUR_USD,1m,2025-01-01T09:15:00+00:00,1.101099,1.101163,1.100812,1.100919,100,true
SYNTHETIC_EUR_USD,1m,2025-01-01T09:16:00+00:00,1.100919,1.101001,1.100838,1.100900,100,true
SYNTHETIC_EUR_USD,1m,2025-01-01T09:17:00+00:00,1.100900,1.100957,1.099898,1.100005,100,true
SYNTHETIC_EUR_USD,1m,2025-01-01T09:18:00+00:00,1.100005,1.100095,1.099580,1.099674,100,true
SYNTHETIC_EUR_USD,1m,2025-01-01T09:19:00+00:00,1.099674,1.099746,1.099207,1.099238,100,true
SYNTHETIC_EUR_USD,1m,2025-01-01T09:20:00+00:00,1.099238,1.099437,1.099220,1.099366,100,true
SYNTHETIC_EUR_USD,1m,2025-01-01T09:21:00+00:00,1.099366,1.099407,1.098388,1.098507,100,true
SYNTHETIC_EUR_USD,1m,2025-01-01T09:22:00+00:00,1.098507,1.098592,1.098286,1.098309,100,true
SYNTHETIC_EUR_USD,1m,2025-01-01T09:23:00+00:00,1.098309,1.098625,1.098262,1.098527,100,true
SYNTHETIC_EUR_USD,1m,2025-01-01T09:24:00+00:00,1.098527,1.098641,1.098201,1.098294,100,true
SYNTHETIC_EUR_USD,1m,2025-01-01T09:25:00+00:00,1.098294,1.098359,1.098268,1.098283,100,true
SYNTHETIC_EUR_USD,1m,2025-01-01T09:26:00+00:00,1.098283,1.098613,1.098236,1.098588,100,true
SYNTHETIC_EUR_USD,1m,2025-01-01T09:27:00+00:00,1.098588,1.098664,1.097953,1.098019,100,true
SYNTHETIC_EUR_USD,1m,2025-01-01T09:28:00+00:00,1.098019,1.098065,1.097901,1.097979,100,true
SYNTHETIC_EUR_USD,1m,2025-01-01T09:29:00+00:00,1.097979,1.098616,1.097936,1.098525,100,true
SYNTHETIC_EUR_USD,1m,2025-01-01T09:30:00+00:00,1.098525,1.099545,1.098424,1.099498,100,true
SYNTHETIC_EUR_USD,1m,2025-01-01T09:31:00+00:00,1.099498,1.099541,1.098738,1.098837,100,true
SYNTHETIC_EUR_USD,1m,2025-01-01T09:32:00+00:00,1.098837,1.098888,1.098607,1.098691,100,true
SYNTHETIC_EUR_USD,1m,2025-01-01T09:33:00+00:00,1.098691,1.099320,1.098601,1.099222,100,true
SYNTHETIC_EUR_USD,1m,2025-01-01T09:34:00+00:00,1.099222,1.099308,1.099174,1.099187,100,true
SYNTHETIC_EUR_USD,1m,2025-01-01T09:35:00+00:00,1.099187,1.099283,1.098116,1.098211,100,true
SYNTHETIC_EUR_USD,1m,2025-01-01T09:36:00+00:00,1.098211,1.098531,1.098122,1.098458,100,true
SYNTHETIC_EUR_USD,1m,2025-01-01T09:37:00+00:00,1.098458,1.098537,1.098270,1.098348,100,true
SYNTHETIC_EUR_USD,1m,2025-01-01T09:38:00+00:00,1.098348,1.098451,1.098322,1.098348,100,true
SYNTHETIC_EUR_USD,1m,2025-01-01T09:39:00+00:00,1.098348,1.098559,1.098326,1.098445,100,true
SYNTHETIC_EUR_USD,1m,2025-01-01T09:40:00+00:00,1.098445,1.098520,1.098401,1.098508,100,true
SYNTHETIC_EUR_USD,1m,2025-01-01T09:41:00+00:00,1.098508,1.099085,1.098413,1.099030,100,true
SYNTHETIC_EUR_USD,1m,2025-01-01T09:42:00+00:00,1.099030,1.099814,1.098924,1.099703,100,true
SYNTHETIC_EUR_USD,1m,2025-01-01T09:43:00+00:00,1.099703,1.099894,1.099670,1.099869,100,true
SYNTHETIC_EUR_USD,1m,2025-01-01T09:44:00+00:00,1.099869,1.099952,1.099786,1.099906,100,true
SYNTHETIC_EUR_USD,1m,2025-01-01T09:45:00+00:00,1.099906,1.099935,1.099630,1.099741,100,true
SYNTHETIC_EUR_USD,1m,2025-01-01T09:46:00+00:00,1.099741,1.099904,1.099692,1.099856,100,true
SYNTHETIC_EUR_USD,1m,2025-01-01T09:47:00+00:00,1.099856,1.100186,1.099770,1.100105,100,true
SYNTHETIC_EUR_USD,1m,2025-01-01T09:48:00+00:00,1.100105,1.100182,1.099589,1.099620,100,true
SYNTHETIC_EUR_USD,1m,2025-01-01T09:49:00+00:00,1.099620,1.099798,1.099503,1.099763,100,true
SYNTHETIC_EUR_USD,1m,2025-01-01T09:50:00+00:00,1.099763,1.100430,1.099722,1.100388,100,true
SYNTHETIC_EUR_USD,1m,2025-01-01T09:51:00+00:00,1.100388,1.100691,1.100339,1.100646,100,true
SYNTHETIC_EUR_USD,1m,2025-01-01T09:52:00+00:00,1.100646,1.101430,1.100548,1.101317,100,true
SYNTHETIC_EUR_USD,1m,2025-01-01T09:53:00+00:00,1.101317,1.101417,1.101266,1.101332,100,true
SYNTHETIC_EUR_USD,1m,2025-01-01T09:54:00+00:00,1.101332,1.101671,1.101232,1.101554,100,true
SYNTHETIC_EUR_USD,1m,2025-01-01T09:55:00+00:00,1.101554,1.102283,1.101512,1.102241,100,true
SYNTHETIC_EUR_USD,1m,2025-01-01T09:56:00+00:00,1.102241,1.102330,1.101958,1.102006,100,true
SYNTHETIC_EUR_USD,1m,2025-01-01T09:57:00+00:00,1.102006,1.102069,1.101629,1.101661,100,true
SYNTHETIC_EUR_USD,1m,2025-01-01T09:58:00+00:00,1.101661,1.101759,1.101549,1.101690,100,true
SYNTHETIC_EUR_USD,1m,2025-01-01T09:59:00+00:00,1.101690,1.101768,1.101441,1.101516,100,true
SYNTHETIC_EUR_USD,1m,2025-01-01T10:00:00+00:00,1.101516,1.101552,1.101104,1.101188,100,true
SYNTHETIC_EUR_USD,1m,2025-01-01T10:01:00+00:00,1.101188,1.101204,1.100885,1.100940,100,true
SYNTHETIC_EUR_USD,1m,2025-01-01T10:02:00+00:00,1.100940,1.101029,1.100791,1.100812,100,true
SYNTHETIC_EUR_USD,1m,2025-01-01T10:03:00+00:00,1.100812,1.100883,1.100595,1.100708,100,true
SYNTHETIC_EUR_USD,1m,2025-01-01T10:04:00+00:00,1.100708,1.100762,1.100468,1.100581,100,true
SYNTHETIC_EUR_USD,1m,2025-01-01T10:05:00+00:00,1.100581,1.100613,1.100445,1.100561,100,true
SYNTHETIC_EUR_USD,1m,2025-01-01T10:06:00+00:00,1.100561,1.100606,1.100265,1.100346,100,true
SYNTHETIC_EUR_USD,1m,2025-01-01T10:07:00+00:00,1.100346,1.100420,1.100204,1.100273,100,true
SYNTHETIC_EUR_USD,1m,2025-01-01T10:08:00+00:00,1.100273,1.100362,1.100021,1.100134,100,true
SYNTHETIC_EUR_USD,1m,2025-01-01T10:09:00+00:00,1.100134,1.100241,1.100067,1.100096,100,true
SYNTHETIC_EUR_USD,1m,2025-01-01T10:10:00+00:00,1.100096,1.100207,1.099850,1.099970,100,true
SYNTHETIC_EUR_USD,1m,2025-01-01T10:11:00+00:00,1.099970,1.100083,1.099670,1.099786,100,true
SYNTHETIC_EUR_USD,1m,2025-01-01T10:12:00+00:00,1.099786,1.099929,1.099679,1.099818,100,true
SYNTHETIC_EUR_USD,1m,2025-01-01T10:13:00+00:00,1.099818,1.099963,1.099699,1.099941,100,true
SYNTHETIC_EUR_USD,1m,2025-01-01T10:14:00+00:00,1.099941,1.099982,1.099822,1.099941,100,true
SYNTHETIC_EUR_USD,1m,2025-01-01T10:15:00+00:00,1.099941,1.100054,1.099718,1.099821,100,true
SYNTHETIC_EUR_USD,1m,2025-01-01T10:16:00+00:00,1.099821,1.099886,1.099790,1.099824,100,true
SYNTHETIC_EUR_USD,1m,2025-01-01T10:17:00+00:00,1.099824,1.100006,1.099786,1.099945,100,true
SYNTHETIC_EUR_USD,1m,2025-01-01T10:18:00+00:00,1.099945,1.100114,1.099854,1.100083,100,true
SYNTHETIC_EUR_USD,1m,2025-01-01T10:19:00+00:00,1.100083,1.100333,1.100054,1.100240,100,true
SYNTHETIC_EUR_USD,1m,2025-01-01T10:20:00+00:00,1.100240,1.100344,1.100121,1.100230,100,true
SYNTHETIC_EUR_USD,1m,2025-01-01T10:21:00+00:00,1.100230,1.100479,1.100146,1.100460,100,true
SYNTHETIC_EUR_USD,1m,2025-01-01T10:22:00+00:00,1.100460,1.100545,1.100434,1.100515,100,true
SYNTHETIC_EUR_USD,1m,2025-01-01T10:23:00+00:00,1.100515,1.100713,1.100479,1.100674,100,true
SYNTHETIC_EUR_USD,1m,2025-01-01T10:24:00+00:00,1.100674,1.101063,1.100559,1.100970,100,true
SYNTHETIC_EUR_USD,1m,2025-01-01T10:25:00+00:00,1.100970,1.101146,1.100888,1.101135,100,true
SYNTHETIC_EUR_USD,1m,2025-01-01T10:26:00+00:00,1.101135,1.101638,1.101118,1.101551,100,true
SYNTHETIC_EUR_USD,1m,2025-01-01T10:27:00+00:00,1.101551,1.101921,1.101486,1.101866,100,true
SYNTHETIC_EUR_USD,1m,2025-01-01T10:28:00+00:00,1.101866,1.102284,1.101779,1.102175,100,true
SYNTHETIC_EUR_USD,1m,2025-01-01T10:29:00+00:00,1.102175,1.102501,1.102133,1.102390,100,true
SYNTHETIC_EUR_USD,1m,2025-01-01T10:30:00+00:00,1.102390,1.102754,1.102356,1.102676,100,true
SYNTHETIC_EUR_USD,1m,2025-01-01T10:31:00+00:00,1.102676,1.103036,1.102600,1.102944,100,true
SYNTHETIC_EUR_USD,1m,2025-01-01T10:32:00+00:00,1.102944,1.103259,1.102873,1.103203,100,true
SYNTHETIC_EUR_USD,1m,2025-01-01T10:33:00+00:00,1.103203,1.103331,1.103169,1.103248,100,true
SYNTHETIC_EUR_USD,1m,2025-01-01T10:34:00+00:00,1.103248,1.103485,1.103155,1.103448,100,true
SYNTHETIC_EUR_USD,1m,2025-01-01T10:35:00+00:00,1.103448,1.103694,1.103361,1.103634,100,true
SYNTHETIC_EUR_USD,1m,2025-01-01T10:36:00+00:00,1.103634,1.103746,1.103562,1.103728,100,true
SYNTHETIC_EUR_USD,1m,2025-01-01T10:37:00+00:00,1.103728,1.104038,1.103655,1.103972,100,true
SYNTHETIC_EUR_USD,1m,2025-01-01T10:38:00+00:00,1.103972,1.104135,1.103926,1.104108,100,true
SYNTHETIC_EUR_USD,1m,2025-01-01T10:39:00+00:00,1.104108,1.104141,1.104028,1.104102,100,true
SYNTHETIC_EUR_USD,1m,2025-01-01T10:40:00+00:00,1.104102,1.104143,1.104036,1.104123,100,true
SYNTHETIC_EUR_USD,1m,2025-01-01T10:41:00+00:00,1.104123,1.104240,1.104062,1.104173,100,true
SYNTHETIC_EUR_USD,1m,2025-01-01T10:42:00+00:00,1.104173,1.104190,1.103969,1.104029,100,true
SYNTHETIC_EUR_USD,1m,2025-01-01T10:43:00+00:00,1.104029,1.104107,1.103930,1.104054,100,true
SYNTHETIC_EUR_USD,1m,2025-01-01T10:44:00+00:00,1.104054,1.104146,1.103737,1.103811,100,true
SYNTHETIC_EUR_USD,1m,2025-01-01T10:45:00+00:00,1.103811,1.103854,1.103692,1.103836,100,true
SYNTHETIC_EUR_USD,1m,2025-01-01T10:46:00+00:00,1.103836,1.103949,1.103755,1.103773,100,true
SYNTHETIC_EUR_USD,1m,2025-01-01T10:47:00+00:00,1.103773,1.103828,1.103599,1.103694,100,true
SYNTHETIC_EUR_USD,1m,2025-01-01T10:48:00+00:00,1.103694,1.103788,1.103450,1.103567,100,true
SYNTHETIC_EUR_USD,1m,2025-01-01T10:49:00+00:00,1.103567,1.103686,1.103320,1.103372,100,true
SYNTHETIC_EUR_USD,1m,2025-01-01T10:50:00+00:00,1.103372,1.103478,1.103043,1.103153,100,true
SYNTHETIC_EUR_USD,1m,2025-01-01T10:51:00+00:00,1.103153,1.103235,1.102837,1.102906,100,true
SYNTHETIC_EUR_USD,1m,2025-01-01T10:52:00+00:00,1.102906,1.103006,1.102858,1.102924,100,true
SYNTHETIC_EUR_USD,1m,2025-01-01T10:53:00+00:00,1.102924,1.102992,1.102798,1.102888,100,true
SYNTHETIC_EUR_USD,1m,2025-01-01T10:54:00+00:00,1.102888,1.102969,1.102877,1.102934,100,true
SYNTHETIC_EUR_USD,1m,2025-01-01T10:55:00+00:00,1.102934,1.103047,1.102864,1.102963,100,true
SYNTHETIC_EUR_USD,1m,2025-01-01T10:56:00+00:00,1.102963,1.103031,1.102824,1.102924,100,true
SYNTHETIC_EUR_USD,1m,2025-01-01T10:57:00+00:00,1.102924,1.102965,1.102781,1.102895,100,true
SYNTHETIC_EUR_USD,1m,2025-01-01T10:58:00+00:00,1.102895,1.103086,1.102872,1.102997,100,true
SYNTHETIC_EUR_USD,1m,2025-01-01T10:59:00+00:00,1.102997,1.103152,1.102889,1.103058,100,true
SYNTHETIC_EUR_USD,1m,2025-01-01T11:00:00+00:00,1.103058,1.103070,1.102950,1.102983,100,true
SYNTHETIC_EUR_USD,1m,2025-01-01T11:01:00+00:00,1.102983,1.103151,1.102896,1.103075,100,true
SYNTHETIC_EUR_USD,1m,2025-01-01T11:02:00+00:00,1.103075,1.103201,1.102984,1.103186,100,true
SYNTHETIC_EUR_USD,1m,2025-01-01T11:03:00+00:00,1.103186,1.103265,1.103081,1.103231,100,true
SYNTHETIC_EUR_USD,1m,2025-01-01T11:04:00+00:00,1.103231,1.103439,1.103166,1.103423,100,true
SYNTHETIC_EUR_USD,1m,2025-01-01T11:05:00+00:00,1.103423,1.103623,1.103378,1.103532,100,true
SYNTHETIC_EUR_USD,1m,2025-01-01T11:06:00+00:00,1.103532,1.104005,1.103448,1.103929,100,true
SYNTHETIC_EUR_USD,1m,2025-01-01T11:07:00+00:00,1.103929,1.104112,1.103847,1.104086,100,true
SYNTHETIC_EUR_USD,1m,2025-01-01T11:08:00+00:00,1.104086,1.104427,1.104043,1.104393,100,true
SYNTHETIC_EUR_USD,1m,2025-01-01T11:09:00+00:00,1.104393,1.104997,1.104283,1.104890,100,true
SYNTHETIC_EUR_USD,1m,2025-01-01T11:10:00+00:00,1.104890,1.105313,1.104833,1.105234,100,true
SYNTHETIC_EUR_USD,1m,2025-01-01T11:11:00+00:00,1.105234,1.105348,1.105068,1.105152,100,true
SYNTHETIC_EUR_USD,1m,2025-01-01T11:12:00+00:00,1.105152,1.105497,1.105107,1.105401,100,true
SYNTHETIC_EUR_USD,1m,2025-01-01T11:13:00+00:00,1.105401,1.105630,1.105308,1.105579,100,true
SYNTHETIC_EUR_USD,1m,2025-01-01T11:14:00+00:00,1.105579,1.105906,1.105475,1.105844,100,true
SYNTHETIC_EUR_USD,1m,2025-01-01T11:15:00+00:00,1.105844,1.106104,1.105733,1.106005,100,true
SYNTHETIC_EUR_USD,1m,2025-01-01T11:16:00+00:00,1.106005,1.106463,1.105889,1.106391,100,true
SYNTHETIC_EUR_USD,1m,2025-01-01T11:17:00+00:00,1.106391,1.106559,1.106359,1.106523,100,true
SYNTHETIC_EUR_USD,1m,2025-01-01T11:18:00+00:00,1.106523,1.106754,1.106411,1.106672,100,true
SYNTHETIC_EUR_USD,1m,2025-01-01T11:19:00+00:00,1.106672,1.106944,1.106641,1.106854,100,true
SYNTHETIC_EUR_USD,1m,2025-01-01T11:20:00+00:00,1.106854,1.106979,1.106770,1.106939,100,true
SYNTHETIC_EUR_USD,1m,2025-01-01T11:21:00+00:00,1.106939,1.106970,1.106754,1.106848,100,true
SYNTHETIC_EUR_USD,1m,2025-01-01T11:22:00+00:00,1.106848,1.106938,1.106708,1.106780,100,true
SYNTHETIC_EUR_USD,1m,2025-01-01T11:23:00+00:00,1.106780,1.106826,1.106477,1.106593,100,true
SYNTHETIC_EUR_USD,1m,2025-01-01T11:24:00+00:00,1.106593,1.106663,1.106479,1.106651,100,true
SYNTHETIC_EUR_USD,1m,2025-01-01T11:25:00+00:00,1.106651,1.106832,1.106589,1.106712,100,true
SYNTHETIC_EUR_USD,1m,2025-01-01T11:26:00+00:00,1.106712,1.106749,1.106600,1.106677,100,true
SYNTHETIC_EUR_USD,1m,2025-01-01T11:27:00+00:00,1.106677,1.106779,1.106581,1.106709,100,true
SYNTHETIC_EUR_USD,1m,2025-01-01T11:28:00+00:00,1.106709,1.106953,1.106640,1.106901,100,true
SYNTHETIC_EUR_USD,1m,2025-01-01T11:29:00+00:00,1.106901,1.106968,1.106697,1.106761,100,true
SYNTHETIC_EUR_USD,1m,2025-01-01T11:30:00+00:00,1.106761,1.106782,1.106621,1.106739,100,true
SYNTHETIC_EUR_USD,1m,2025-01-01T11:31:00+00:00,1.106739,1.106849,1.106356,1.106407,100,true
SYNTHETIC_EUR_USD,1m,2025-01-01T11:32:00+00:00,1.106407,1.106462,1.106264,1.106336,100,true
SYNTHETIC_EUR_USD,1m,2025-01-01T11:33:00+00:00,1.106336,1.106374,1.106116,1.106229,100,true
SYNTHETIC_EUR_USD,1m,2025-01-01T11:34:00+00:00,1.106229,1.106302,1.106119,1.106175,100,true
SYNTHETIC_EUR_USD,1m,2025-01-01T11:35:00+00:00,1.106175,1.106227,1.106018,1.106120,100,true
SYNTHETIC_EUR_USD,1m,2025-01-01T11:36:00+00:00,1.106120,1.106185,1.106015,1.106097,100,true
SYNTHETIC_EUR_USD,1m,2025-01-01T11:37:00+00:00,1.106097,1.106198,1.105843,1.105960,100,true
SYNTHETIC_EUR_USD,1m,2025-01-01T11:38:00+00:00,1.105960,1.106040,1.105723,1.105787,100,true
SYNTHETIC_EUR_USD,1m,2025-01-01T11:39:00+00:00,1.105787,1.105850,1.105698,1.105821,100,true
SYNTHETIC_EUR_USD,1m,2025-01-01T11:40:00+00:00,1.105821,1.106019,1.105710,1.105955,100,true
SYNTHETIC_EUR_USD,1m,2025-01-01T11:41:00+00:00,1.105955,1.105971,1.105744,1.105758,100,true
SYNTHETIC_EUR_USD,1m,2025-01-01T11:42:00+00:00,1.105758,1.105861,1.105591,1.105705,100,true
SYNTHETIC_EUR_USD,1m,2025-01-01T11:43:00+00:00,1.105705,1.105760,1.105518,1.105621,100,true
SYNTHETIC_EUR_USD,1m,2025-01-01T11:44:00+00:00,1.105621,1.105656,1.105397,1.105485,100,true
SYNTHETIC_EUR_USD,1m,2025-01-01T11:45:00+00:00,1.105485,1.105745,1.105407,1.105694,100,true
SYNTHETIC_EUR_USD,1m,2025-01-01T11:46:00+00:00,1.105694,1.105879,1.105616,1.105795,100,true
SYNTHETIC_EUR_USD,1m,2025-01-01T11:47:00+00:00,1.105795,1.105806,1.105704,1.105775,100,true
SYNTHETIC_EUR_USD,1m,2025-01-01T11:48:00+00:00,1.105775,1.105942,1.105707,1.105931,100,true
SYNTHETIC_EUR_USD,1m,2025-01-01T11:49:00+00:00,1.105931,1.106055,1.105831,1.106043,100,true
SYNTHETIC_EUR_USD,1m,2025-01-01T11:50:00+00:00,1.106043,1.106637,1.105944,1.106553,100,true
SYNTHETIC_EUR_USD,1m,2025-01-01T11:51:00+00:00,1.106553,1.106822,1.106526,1.106802,100,true
SYNTHETIC_EUR_USD,1m,2025-01-01T11:52:00+00:00,1.106802,1.107017,1.106734,1.106986,100,true
SYNTHETIC_EUR_USD,1m,2025-01-01T11:53:00+00:00,1.106986,1.107304,1.106935,1.107251,100,true
SYNTHETIC_EUR_USD,1m,2025-01-01T11:54:00+00:00,1.107251,1.107453,1.107179,1.107399,100,true
SYNTHETIC_EUR_USD,1m,2025-01-01T11:55:00+00:00,1.107399,1.107809,1.107295,1.107723,100,true
SYNTHETIC_EUR_USD,1m,2025-01-01T11:56:00+00:00,1.107723,1.108040,1.107619,1.107958,100,true
SYNTHETIC_EUR_USD,1m,2025-01-01T11:57:00+00:00,1.107958,1.108250,1.107887,1.108198,100,true
SYNTHETIC_EUR_USD,1m,2025-01-01T11:58:00+00:00,1.108198,1.108392,1.108187,1.108375,100,true
SYNTHETIC_EUR_USD,1m,2025-01-01T11:59:00+00:00,1.108375,1.108721,1.108279,1.108663,100,true
SYNTHETIC_EUR_USD,1m,2025-01-01T12:00:00+00:00,1.108663,1.109067,1.108559,1.108995,100,true
SYNTHETIC_EUR_USD,1m,2025-01-01T12:01:00+00:00,1.108995,1.109322,1.108961,1.109307,100,true
SYNTHETIC_EUR_USD,1m,2025-01-01T12:02:00+00:00,1.109307,1.109668,1.109199,1.109562,100,true
SYNTHETIC_EUR_USD,1m,2025-01-01T12:03:00+00:00,1.109562,1.109695,1.109450,1.109677,100,true
SYNTHETIC_EUR_USD,1m,2025-01-01T12:04:00+00:00,1.109677,1.109919,1.109605,1.109810,100,true
SYNTHETIC_EUR_USD,1m,2025-01-01T12:05:00+00:00,1.109810,1.110228,1.109694,1.110184,100,true
SYNTHETIC_EUR_USD,1m,2025-01-01T12:06:00+00:00,1.110184,1.110393,1.110091,1.110318,100,true
SYNTHETIC_EUR_USD,1m,2025-01-01T12:07:00+00:00,1.110318,1.110361,1.110290,1.110343,100,true
SYNTHETIC_EUR_USD,1m,2025-01-01T12:08:00+00:00,1.110343,1.110379,1.110150,1.110252,100,true
SYNTHETIC_EUR_USD,1m,2025-01-01T12:09:00+00:00,1.110252,1.110299,1.109965,1.110058,100,true
SYNTHETIC_EUR_USD,1m,2025-01-01T12:10:00+00:00,1.110058,1.110226,1.109939,1.110201,100,true
SYNTHETIC_EUR_USD,1m,2025-01-01T12:11:00+00:00,1.110201,1.110318,1.110118,1.110134,100,true
SYNTHETIC_EUR_USD,1m,2025-01-01T12:12:00+00:00,1.110134,1.110192,1.109829,1.109931,100,true
SYNTHETIC_EUR_USD,1m,2025-01-01T12:13:00+00:00,1.109931,1.110046,1.109686,1.109739,100,true
SYNTHETIC_EUR_USD,1m,2025-01-01T12:14:00+00:00,1.109739,1.109912,1.109726,1.109817,100,true
SYNTHETIC_EUR_USD,1m,2025-01-01T12:15:00+00:00,1.109817,1.109881,1.109606,1.109655,100,true
SYNTHETIC_EUR_USD,1m,2025-01-01T12:16:00+00:00,1.109655,1.110026,1.109598,1.109913,100,true
SYNTHETIC_EUR_USD,1m,2025-01-01T12:17:00+00:00,1.109913,1.109932,1.109640,1.109718,100,true
SYNTHETIC_EUR_USD,1m,2025-01-01T12:18:00+00:00,1.109718,1.109816,1.109350,1.109439,100,true
SYNTHETIC_EUR_USD,1m,2025-01-01T12:19:00+00:00,1.109439,1.109527,1.109302,1.109382,100,true
SYNTHETIC_EUR_USD,1m,2025-01-01T12:20:00+00:00,1.109382,1.109474,1.109261,1.109306,100,true
SYNTHETIC_EUR_USD,1m,2025-01-01T12:21:00+00:00,1.109306,1.109350,1.109166,1.109215,100,true
SYNTHETIC_EUR_USD,1m,2025-01-01T12:22:00+00:00,1.109215,1.109255,1.109111,1.109136,100,true
SYNTHETIC_EUR_USD,1m,2025-01-01T12:23:00+00:00,1.109136,1.109207,1.109060,1.109115,100,true
SYNTHETIC_EUR_USD,1m,2025-01-01T12:24:00+00:00,1.109115,1.109197,1.109066,1.109184,100,true
SYNTHETIC_EUR_USD,1m,2025-01-01T12:25:00+00:00,1.109184,1.109334,1.109132,1.109288,100,true
SYNTHETIC_EUR_USD,1m,2025-01-01T12:26:00+00:00,1.109288,1.109412,1.109236,1.109370,100,true
SYNTHETIC_EUR_USD,1m,2025-01-01T12:27:00+00:00,1.109370,1.109719,1.109252,1.109609,100,true
SYNTHETIC_EUR_USD,1m,2025-01-01T12:28:00+00:00,1.109609,1.109855,1.109581,1.109782,100,true
SYNTHETIC_EUR_USD,1m,2025-01-01T12:29:00+00:00,1.109782,1.109845,1.109718,1.109802,100,true
SYNTHETIC_EUR_USD,1m,2025-01-01T12:30:00+00:00,1.109802,1.109957,1.109744,1.109940,100,true
SYNTHETIC_EUR_USD,1m,2025-01-01T12:31:00+00:00,1.109940,1.109958,1.109779,1.109817,100,true
SYNTHETIC_EUR_USD,1m,2025-01-01T12:32:00+00:00,1.109817,1.109941,1.109738,1.109904,100,true
SYNTHETIC_EUR_USD,1m,2025-01-01T12:33:00+00:00,1.109904,1.109926,1.109839,1.109882,100,true
SYNTHETIC_EUR_USD,1m,2025-01-01T12:34:00+00:00,1.109882,1.110016,1.109835,1.109902,100,true
SYNTHETIC_EUR_USD,1m,2025-01-01T12:35:00+00:00,1.109902,1.109948,1.109778,1.109825,100,true
SYNTHETIC_EUR_USD,1m,2025-01-01T12:36:00+00:00,1.109825,1.109925,1.109667,1.109772,100,true
SYNTHETIC_EUR_USD,1m,2025-01-01T12:37:00+00:00,1.109772,1.109988,1.109658,1.109943,100,true
SYNTHETIC_EUR_USD,1m,2025-01-01T12:38:00+00:00,1.109943,1.110079,1.109898,1.110047,100,true
SYNTHETIC_EUR_USD,1m,2025-01-01T12:39:00+00:00,1.110047,1.110516,1.109961,1.110474,100,true
SYNTHETIC_EUR_USD,1m,2025-01-01T12:40:00+00:00,1.110474,1.110588,1.110401,1.110524,100,true
SYNTHETIC_EUR_USD,1m,2025-01-01T12:41:00+00:00,1.110524,1.110747,1.110471,1.110647,100,true
SYNTHETIC_EUR_USD,1m,2025-01-01T12:42:00+00:00,1.110647,1.110896,1.110575,1.110874,100,true
SYNTHETIC_EUR_USD,1m,2025-01-01T12:43:00+00:00,1.110874,1.110959,1.110777,1.110848,100,true
SYNTHETIC_EUR_USD,1m,2025-01-01T12:44:00+00:00,1.110848,1.110967,1.110787,1.110852,100,true
SYNTHETIC_EUR_USD,1m,2025-01-01T12:45:00+00:00,1.110852,1.110932,1.110766,1.110890,100,true
SYNTHETIC_EUR_USD,1m,2025-01-01T12:46:00+00:00,1.110890,1.110990,1.110719,1.110817,100,true
SYNTHETIC_EUR_USD,1m,2025-01-01T12:47:00+00:00,1.110817,1.110897,1.110692,1.110729,100,true
SYNTHETIC_EUR_USD,1m,2025-01-01T12:48:00+00:00,1.110729,1.110895,1.110640,1.110812,100,true
SYNTHETIC_EUR_USD,1m,2025-01-01T12:49:00+00:00,1.110812,1.110931,1.110744,1.110807,100,true
SYNTHETIC_EUR_USD,1m,2025-01-01T12:50:00+00:00,1.110807,1.110861,1.110653,1.110719,100,true
SYNTHETIC_EUR_USD,1m,2025-01-01T12:51:00+00:00,1.110719,1.110882,1.110622,1.110813,100,true
SYNTHETIC_EUR_USD,1m,2025-01-01T12:52:00+00:00,1.110813,1.110862,1.110522,1.110631,100,true
SYNTHETIC_EUR_USD,1m,2025-01-01T12:53:00+00:00,1.110631,1.110650,1.110251,1.110346,100,true
SYNTHETIC_EUR_USD,1m,2025-01-01T12:54:00+00:00,1.110346,1.110428,1.110116,1.110165,100,true
SYNTHETIC_EUR_USD,1m,2025-01-01T12:55:00+00:00,1.110165,1.110283,1.109894,1.109979,100,true
SYNTHETIC_EUR_USD,1m,2025-01-01T12:56:00+00:00,1.109979,1.110033,1.109674,1.109766,100,true
SYNTHETIC_EUR_USD,1m,2025-01-01T12:57:00+00:00,1.109766,1.109777,1.109651,1.109690,100,true
SYNTHETIC_EUR_USD,1m,2025-01-01T12:58:00+00:00,1.109690,1.109756,1.109380,1.109447,100,true
SYNTHETIC_EUR_USD,1m,2025-01-01T12:59:00+00:00,1.109447,1.109506,1.109029,1.109082,100,true
SYNTHETIC_EUR_USD,1m,2025-01-01T13:00:00+00:00,1.109082,1.109177,1.108697,1.108772,100,true
SYNTHETIC_EUR_USD,1m,2025-01-01T13:01:00+00:00,1.108772,1.108784,1.108400,1.108422,100,true
SYNTHETIC_EUR_USD,1m,2025-01-01T13:02:00+00:00,1.108422,1.108478,1.108066,1.108182,100,true
SYNTHETIC_EUR_USD,1m,2025-01-01T13:03:00+00:00,1.108182,1.108207,1.108113,1.108158,100,true
SYNTHETIC_EUR_USD,1m,2025-01-01T13:04:00+00:00,1.108158,1.108218,1.108085,1.108117,100,true
SYNTHETIC_EUR_USD,1m,2025-01-01T13:05:00+00:00,1.108117,1.108176,1.107675,1.107762,100,true
SYNTHETIC_EUR_USD,1m,2025-01-01T13:06:00+00:00,1.107762,1.107807,1.107526,1.107569,100,true
SYNTHETIC_EUR_USD,1m,2025-01-01T13:07:00+00:00,1.107569,1.107673,1.107319,1.107401,100,true
SYNTHETIC_EUR_USD,1m,2025-01-01T13:08:00+00:00,1.107401,1.107485,1.107146,1.107174,100,true
SYNTHETIC_EUR_USD,1m,2025-01-01T13:09:00+00:00,1.107174,1.107203,1.107085,1.107113,100,true
SYNTHETIC_EUR_USD,1m,2025-01-01T13:10:00+00:00,1.107113,1.107184,1.106861,1.106977,100,true
SYNTHETIC_EUR_USD,1m,2025-01-01T13:11:00+00:00,1.106977,1.107007,1.106807,1.106888,100,true
SYNTHETIC_EUR_USD,1m,2025-01-01T13:12:00+00:00,1.106888,1.106989,1.106874,1.106932,100,true
SYNTHETIC_EUR_USD,1m,2025-01-01T13:13:00+00:00,1.106932,1.107007,1.106767,1.106820,100,true
SYNTHETIC_EUR_USD,1m,2025-01-01T13:14:00+00:00,1.106820,1.106907,1.106709,1.106741,100,true
SYNTHETIC_EUR_USD,1m,2025-01-01T13:15:00+00:00,1.106741,1.106760,1.106720,1.106743,100,true
SYNTHETIC_EUR_USD,1m,2025-01-01T13:16:00+00:00,1.106743,1.106849,1.106516,1.106547,100,true
SYNTHETIC_EUR_USD,1m,2025-01-01T13:17:00+00:00,1.106547,1.106586,1.106425,1.106530,100,true
SYNTHETIC_EUR_USD,1m,2025-01-01T13:18:00+00:00,1.106530,1.106780,1.106450,1.106712,100,true
SYNTHETIC_EUR_USD,1m,2025-01-01T13:19:00+00:00,1.106712,1.106787,1.106610,1.106658,100,true
SYNTHETIC_EUR_USD,1m,2025-01-01T13:20:00+00:00,1.106658,1.106762,1.106580,1.106659,100,true
SYNTHETIC_EUR_USD,1m,2025-01-01T13:21:00+00:00,1.106659,1.106882,1.106582,1.106839,100,true
SYNTHETIC_EUR_USD,1m,2025-01-01T13:22:00+00:00,1.106839,1.106859,1.106757,1.106781,100,true
SYNTHETIC_EUR_USD,1m,2025-01-01T13:23:00+00:00,1.106781,1.107006,1.106695,1.106976,100,true
SYNTHETIC_EUR_USD,1m,2025-01-01T13:24:00+00:00,1.106976,1.107231,1.106920,1.107165,100,true
SYNTHETIC_EUR_USD,1m,2025-01-01T13:25:00+00:00,1.107165,1.107389,1.107085,1.107358,100,true
SYNTHETIC_EUR_USD,1m,2025-01-01T13:26:00+00:00,1.107358,1.107645,1.107277,1.107559,100,true
SYNTHETIC_EUR_USD,1m,2025-01-01T13:27:00+00:00,1.107559,1.107875,1.107533,1.107811,100,true
SYNTHETIC_EUR_USD,1m,2025-01-01T13:28:00+00:00,1.107811,1.107943,1.107752,1.107898,100,true
SYNTHETIC_EUR_USD,1m,2025-01-01T13:29:00+00:00,1.107898,1.108086,1.107873,1.108075,100,true
SYNTHETIC_EUR_USD,1m,2025-01-01T13:30:00+00:00,1.108075,1.108264,1.107959,1.108164,100,true
SYNTHETIC_EUR_USD,1m,2025-01-01T13:31:00+00:00,1.108164,1.108249,1.107998,1.108054,100,true
SYNTHETIC_EUR_USD,1m,2025-01-01T13:32:00+00:00,1.108054,1.108159,1.107990,1.108056,100,true
SYNTHETIC_EUR_USD,1m,2025-01-01T13:33:00+00:00,1.108056,1.108159,1.108014,1.108065,100,true
SYNTHETIC_EUR_USD,1m,2025-01-01T13:34:00+00:00,1.108065,1.108105,1.107968,1.108037,100,true
SYNTHETIC_EUR_USD,1m,2025-01-01T13:35:00+00:00,1.108037,1.108129,1.107940,1.108034,100,true
SYNTHETIC_EUR_USD,1m,2025-01-01T13:36:00+00:00,1.108034,1.108126,1.108011,1.108056,100,true
SYNTHETIC_EUR_USD,1m,2025-01-01T13:37:00+00:00,1.108056,1.108194,1.108005,1.108093,100,true
SYNTHETIC_EUR_USD,1m,2025-01-01T13:38:00+00:00,1.108093,1.108193,1.108072,1.108087,100,true
SYNTHETIC_EUR_USD,1m,2025-01-01T13:39:00+00:00,1.108087,1.108206,1.107872,1.107893,100,true
SYNTHETIC_EUR_USD,1m,2025-01-01T13:40:00+00:00,1.107893,1.107995,1.107469,1.107561,100,true
SYNTHETIC_EUR_USD,1m,2025-01-01T13:41:00+00:00,1.107561,1.107621,1.107176,1.107225,100,true
SYNTHETIC_EUR_USD,1m,2025-01-01T13:42:00+00:00,1.107225,1.107546,1.107166,1.107446,100,true
SYNTHETIC_EUR_USD,1m,2025-01-01T13:43:00+00:00,1.107446,1.107482,1.107327,1.107426,100,true
SYNTHETIC_EUR_USD,1m,2025-01-01T13:44:00+00:00,1.107426,1.107501,1.107135,1.107184,100,true
SYNTHETIC_EUR_USD,1m,2025-01-01T13:45:00+00:00,1.107184,1.107212,1.106878,1.106903,100,true
SYNTHETIC_EUR_USD,1m,2025-01-01T13:46:00+00:00,1.106903,1.106936,1.106466,1.106499,100,true
SYNTHETIC_EUR_USD,1m,2025-01-01T13:47:00+00:00,1.106499,1.106539,1.106296,1.106366,100,true
SYNTHETIC_EUR_USD,1m,2025-01-01T13:48:00+00:00,1.106366,1.106411,1.106089,1.106176,100,true
SYNTHETIC_EUR_USD,1m,2025-01-01T13:49:00+00:00,1.106176,1.106281,1.105815,1.105933,100,true
SYNTHETIC_EUR_USD,1m,2025-01-01T13:50:00+00:00,1.105933,1.106018,1.105798,1.105818,100,true
SYNTHETIC_EUR_USD,1m,2025-01-01T13:51:00+00:00,1.105818,1.105944,1.105699,1.105833,100,true
SYNTHETIC_EUR_USD,1m,2025-01-01T13:52:00+00:00,1.105833,1.105938,1.105589,1.105613,100,true
SYNTHETIC_EUR_USD,1m,2025-01-01T13:53:00+00:00,1.105613,1.105701,1.105422,1.105523,100,true
SYNTHETIC_EUR_USD,1m,2025-01-01T13:54:00+00:00,1.105523,1.105617,1.105244,1.105329,100,true
SYNTHETIC_EUR_USD,1m,2025-01-01T13:55:00+00:00,1.105329,1.105368,1.105014,1.105069,100,true
SYNTHETIC_EUR_USD,1m,2025-01-01T13:56:00+00:00,1.105069,1.105129,1.104923,1.105003,100,true
SYNTHETIC_EUR_USD,1m,2025-01-01T13:57:00+00:00,1.105003,1.105069,1.104949,1.104990,100,true
SYNTHETIC_EUR_USD,1m,2025-01-01T13:58:00+00:00,1.104990,1.105103,1.104877,1.104928,100,true
SYNTHETIC_EUR_USD,1m,2025-01-01T13:59:00+00:00,1.104928,1.105039,1.104833,1.105028,100,true
SYNTHETIC_EUR_USD,1m,2025-01-01T14:00:00+00:00,1.105028,1.105119,1.104928,1.105018,100,true
SYNTHETIC_EUR_USD,1m,2025-01-01T14:01:00+00:00,1.105018,1.105068,1.104874,1.104891,100,true
SYNTHETIC_EUR_USD,1m,2025-01-01T14:02:00+00:00,1.104891,1.105070,1.104857,1.105001,100,true
SYNTHETIC_EUR_USD,1m,2025-01-01T14:03:00+00:00,1.105001,1.105048,1.104900,1.105008,100,true
SYNTHETIC_EUR_USD,1m,2025-01-01T14:04:00+00:00,1.105008,1.105187,1.104935,1.105140,100,true
SYNTHETIC_EUR_USD,1m,2025-01-01T14:05:00+00:00,1.105140,1.105187,1.105035,1.105120,100,true
SYNTHETIC_EUR_USD,1m,2025-01-01T14:06:00+00:00,1.105120,1.105195,1.105099,1.105179,100,true
SYNTHETIC_EUR_USD,1m,2025-01-01T14:07:00+00:00,1.105179,1.105350,1.105075,1.105327,100,true
SYNTHETIC_EUR_USD,1m,2025-01-01T14:08:00+00:00,1.105327,1.105385,1.105306,1.105316,100,true
SYNTHETIC_EUR_USD,1m,2025-01-01T14:09:00+00:00,1.105316,1.105597,1.105292,1.105511,100,true
SYNTHETIC_EUR_USD,1m,2025-01-01T14:10:00+00:00,1.105511,1.105681,1.105483,1.105600,100,true
SYNTHETIC_EUR_USD,1m,2025-01-01T14:11:00+00:00,1.105600,1.105869,1.105562,1.105787,100,true
SYNTHETIC_EUR_USD,1m,2025-01-01T14:12:00+00:00,1.105787,1.105885,1.105678,1.105835,100,true
SYNTHETIC_EUR_USD,1m,2025-01-01T14:13:00+00:00,1.105835,1.106009,1.105748,1.105966,100,true
SYNTHETIC_EUR_USD,1m,2025-01-01T14:14:00+00:00,1.105966,1.106156,1.105884,1.106121,100,true
SYNTHETIC_EUR_USD,1m,2025-01-01T14:15:00+00:00,1.106121,1.106211,1.106096,1.106149,100,true
SYNTHETIC_EUR_USD,1m,2025-01-01T14:16:00+00:00,1.106149,1.106185,1.106064,1.106150,100,true
SYNTHETIC_EUR_USD,1m,2025-01-01T14:17:00+00:00,1.106150,1.106417,1.106031,1.106317,100,true
SYNTHETIC_EUR_USD,1m,2025-01-01T14:18:00+00:00,1.106317,1.106374,1.106260,1.106285,100,true
SYNTHETIC_EUR_USD,1m,2025-01-01T14:19:00+00:00,1.106285,1.106413,1.106263,1.106322,100,true
SYNTHETIC_EUR_USD,1m,2025-01-01T14:20:00+00:00,1.106322,1.106367,1.106172,1.106279,100,true
SYNTHETIC_EUR_USD,1m,2025-01-01T14:21:00+00:00,1.106279,1.106387,1.106254,1.106294,100,true
SYNTHETIC_EUR_USD,1m,2025-01-01T14:22:00+00:00,1.106294,1.106428,1.106268,1.106308,100,true
SYNTHETIC_EUR_USD,1m,2025-01-01T14:23:00+00:00,1.106308,1.106390,1.106070,1.106128,100,true
SYNTHETIC_EUR_USD,1m,2025-01-01T14:24:00+00:00,1.106128,1.106218,1.105862,1.105941,100,true
SYNTHETIC_EUR_USD,1m,2025-01-01T14:25:00+00:00,1.105941,1.106026,1.105706,1.105811,100,true
SYNTHETIC_EUR_USD,1m,2025-01-01T14:26:00+00:00,1.105811,1.105830,1.105674,1.105695,100,true
SYNTHETIC_EUR_USD,1m,2025-01-01T14:27:00+00:00,1.105695,1.105748,1.105355,1.105471,100,true
SYNTHETIC_EUR_USD,1m,2025-01-01T14:28:00+00:00,1.105471,1.105515,1.105050,1.105075,100,true
SYNTHETIC_EUR_USD,1m,2025-01-01T14:29:00+00:00,1.105075,1.105146,1.104752,1.104828,100,true
SYNTHETIC_EUR_USD,1m,2025-01-01T14:30:00+00:00,1.104828,1.104905,1.104542,1.104638,100,true
SYNTHETIC_EUR_USD,1m,2025-01-01T14:31:00+00:00,1.104638,1.104720,1.104273,1.104316,100,true
SYNTHETIC_EUR_USD,1m,2025-01-01T14:32:00+00:00,1.104316,1.104383,1.103803,1.103869,100,true
SYNTHETIC_EUR_USD,1m,2025-01-01T14:33:00+00:00,1.103869,1.103885,1.103539,1.103648,100,true
SYNTHETIC_EUR_USD,1m,2025-01-01T14:34:00+00:00,1.103648,1.103763,1.103277,1.103341,100,true
SYNTHETIC_EUR_USD,1m,2025-01-01T14:35:00+00:00,1.103341,1.103416,1.103190,1.103258,100,true
SYNTHETIC_EUR_USD,1m,2025-01-01T14:36:00+00:00,1.103258,1.103376,1.103061,1.103179,100,true
SYNTHETIC_EUR_USD,1m,2025-01-01T14:37:00+00:00,1.103179,1.103284,1.103016,1.103088,100,true
SYNTHETIC_EUR_USD,1m,2025-01-01T14:38:00+00:00,1.103088,1.103138,1.102851,1.102936,100,true
SYNTHETIC_EUR_USD,1m,2025-01-01T14:39:00+00:00,1.102936,1.103031,1.102846,1.102858,100,true
SYNTHETIC_EUR_USD,1m,2025-01-01T14:40:00+00:00,1.102858,1.102875,1.102445,1.102484,100,true
SYNTHETIC_EUR_USD,1m,2025-01-01T14:41:00+00:00,1.102484,1.102581,1.102409,1.102474,100,true
SYNTHETIC_EUR_USD,1m,2025-01-01T14:42:00+00:00,1.102474,1.102553,1.102394,1.102459,100,true
SYNTHETIC_EUR_USD,1m,2025-01-01T14:43:00+00:00,1.102459,1.102478,1.102229,1.102298,100,true
SYNTHETIC_EUR_USD,1m,2025-01-01T14:44:00+00:00,1.102298,1.102493,1.102257,1.102415,100,true
SYNTHETIC_EUR_USD,1m,2025-01-01T14:45:00+00:00,1.102415,1.102448,1.102309,1.102407,100,true
SYNTHETIC_EUR_USD,1m,2025-01-01T14:46:00+00:00,1.102407,1.102675,1.102354,1.102606,100,true
SYNTHETIC_EUR_USD,1m,2025-01-01T14:47:00+00:00,1.102606,1.102691,1.102519,1.102536,100,true
SYNTHETIC_EUR_USD,1m,2025-01-01T14:48:00+00:00,1.102536,1.102623,1.102372,1.102462,100,true
SYNTHETIC_EUR_USD,1m,2025-01-01T14:49:00+00:00,1.102462,1.102613,1.102405,1.102593,100,true
SYNTHETIC_EUR_USD,1m,2025-01-01T14:50:00+00:00,1.102593,1.102734,1.102516,1.102674,100,true
SYNTHETIC_EUR_USD,1m,2025-01-01T14:51:00+00:00,1.102674,1.102813,1.102651,1.102722,100,true
SYNTHETIC_EUR_USD,1m,2025-01-01T14:52:00+00:00,1.102722,1.103113,1.102635,1.103025,100,true
SYNTHETIC_EUR_USD,1m,2025-01-01T14:53:00+00:00,1.103025,1.103362,1.102929,1.103295,100,true
SYNTHETIC_EUR_USD,1m,2025-01-01T14:54:00+00:00,1.103295,1.103748,1.103267,1.103659,100,true
SYNTHETIC_EUR_USD,1m,2025-01-01T14:55:00+00:00,1.103659,1.103944,1.103552,1.103905,100,true
SYNTHETIC_EUR_USD,1m,2025-01-01T14:56:00+00:00,1.103905,1.104236,1.103892,1.104141,100,true
SYNTHETIC_EUR_USD,1m,2025-01-01T14:57:00+00:00,1.104141,1.104261,1.104052,1.104244,100,true
SYNTHETIC_EUR_USD,1m,2025-01-01T14:58:00+00:00,1.104244,1.104318,1.104187,1.104205,100,true
SYNTHETIC_EUR_USD,1m,2025-01-01T14:59:00+00:00,1.104205,1.104270,1.104053,1.104126,100,true
SYNTHETIC_EUR_USD,1m,2025-01-01T15:00:00+00:00,1.104126,1.104214,1.104088,1.104164,100,true
SYNTHETIC_EUR_USD,1m,2025-01-01T15:01:00+00:00,1.104164,1.104420,1.104128,1.104330,100,true
SYNTHETIC_EUR_USD,1m,2025-01-01T15:02:00+00:00,1.104330,1.104507,1.104316,1.104441,100,true
SYNTHETIC_EUR_USD,1m,2025-01-01T15:03:00+00:00,1.104441,1.104552,1.104389,1.104490,100,true
SYNTHETIC_EUR_USD,1m,2025-01-01T15:04:00+00:00,1.104490,1.104517,1.104275,1.104387,100,true
SYNTHETIC_EUR_USD,1m,2025-01-01T15:05:00+00:00,1.104387,1.104533,1.104296,1.104423,100,true
SYNTHETIC_EUR_USD,1m,2025-01-01T15:06:00+00:00,1.104423,1.104479,1.104176,1.104221,100,true
SYNTHETIC_EUR_USD,1m,2025-01-01T15:07:00+00:00,1.104221,1.104261,1.103932,1.103950,100,true
SYNTHETIC_EUR_USD,1m,2025-01-01T15:08:00+00:00,1.103950,1.104001,1.103856,1.103922,100,true
SYNTHETIC_EUR_USD,1m,2025-01-01T15:09:00+00:00,1.103922,1.104020,1.103723,1.103841,100,true
SYNTHETIC_EUR_USD,1m,2025-01-01T15:10:00+00:00,1.103841,1.103956,1.103624,1.103641,100,true
SYNTHETIC_EUR_USD,1m,2025-01-01T15:11:00+00:00,1.103641,1.103744,1.103332,1.103378,100,true
SYNTHETIC_EUR_USD,1m,2025-01-01T15:12:00+00:00,1.103378,1.103449,1.103214,1.103225,100,true
SYNTHETIC_EUR_USD,1m,2025-01-01T15:13:00+00:00,1.103225,1.103268,1.103014,1.103092,100,true
SYNTHETIC_EUR_USD,1m,2025-01-01T15:14:00+00:00,1.103092,1.103154,1.102985,1.103060,100,true
SYNTHETIC_EUR_USD,1m,2025-01-01T15:15:00+00:00,1.103060,1.103091,1.102568,1.102677,100,true
SYNTHETIC_EUR_USD,1m,2025-01-01T15:16:00+00:00,1.102677,1.102771,1.102479,1.102516,100,true
SYNTHETIC_EUR_USD,1m,2025-01-01T15:17:00+00:00,1.102516,1.102551,1.102431,1.102479,100,true
SYNTHETIC_EUR_USD,1m,2025-01-01T15:18:00+00:00,1.102479,1.102582,1.102232,1.102338,100,true
SYNTHETIC_EUR_USD,1m,2025-01-01T15:19:00+00:00,1.102338,1.102421,1.102111,1.102215,100,true
SYNTHETIC_EUR_USD,1m,2025-01-01T15:20:00+00:00,1.102215,1.102305,1.102081,1.102102,100,true
SYNTHETIC_EUR_USD,1m,2025-01-01T15:21:00+00:00,1.102102,1.102166,1.101910,1.101926,100,true
SYNTHETIC_EUR_USD,1m,2025-01-01T15:22:00+00:00,1.101926,1.102046,1.101755,1.101844,100,true
SYNTHETIC_EUR_USD,1m,2025-01-01T15:23:00+00:00,1.101844,1.102137,1.101777,1.102028,100,true
SYNTHETIC_EUR_USD,1m,2025-01-01T15:24:00+00:00,1.102028,1.102248,1.101977,1.102161,100,true
SYNTHETIC_EUR_USD,1m,2025-01-01T15:25:00+00:00,1.102161,1.102241,1.102136,1.102220,100,true
SYNTHETIC_EUR_USD,1m,2025-01-01T15:26:00+00:00,1.102220,1.102348,1.102202,1.102247,100,true
SYNTHETIC_EUR_USD,1m,2025-01-01T15:27:00+00:00,1.102247,1.102364,1.102155,1.102191,100,true
SYNTHETIC_EUR_USD,1m,2025-01-01T15:28:00+00:00,1.102191,1.102260,1.102146,1.102221,100,true
SYNTHETIC_EUR_USD,1m,2025-01-01T15:29:00+00:00,1.102221,1.102476,1.102176,1.102385,100,true
SYNTHETIC_EUR_USD,1m,2025-01-01T15:30:00+00:00,1.102385,1.102425,1.102314,1.102333,100,true
SYNTHETIC_EUR_USD,1m,2025-01-01T15:31:00+00:00,1.102333,1.102610,1.102306,1.102536,100,true
SYNTHETIC_EUR_USD,1m,2025-01-01T15:32:00+00:00,1.102536,1.102920,1.102475,1.102892,100,true
SYNTHETIC_EUR_USD,1m,2025-01-01T15:33:00+00:00,1.102892,1.103052,1.102859,1.102936,100,true
SYNTHETIC_EUR_USD,1m,2025-01-01T15:34:00+00:00,1.102936,1.103237,1.102897,1.103193,100,true
SYNTHETIC_EUR_USD,1m,2025-01-01T15:35:00+00:00,1.103193,1.103509,1.103092,1.103424,100,true
SYNTHETIC_EUR_USD,1m,2025-01-01T15:36:00+00:00,1.103424,1.103738,1.103409,1.103652,100,true
SYNTHETIC_EUR_USD,1m,2025-01-01T15:37:00+00:00,1.103652,1.103903,1.103614,1.103883,100,true
SYNTHETIC_EUR_USD,1m,2025-01-01T15:38:00+00:00,1.103883,1.104010,1.103817,1.103961,100,true
SYNTHETIC_EUR_USD,1m,2025-01-01T15:39:00+00:00,1.103961,1.104198,1.103948,1.104080,100,true
SYNTHETIC_EUR_USD,1m,2025-01-01T15:40:00+00:00,1.104080,1.104196,1.104020,1.104142,100,true
SYNTHETIC_EUR_USD,1m,2025-01-01T15:41:00+00:00,1.104142,1.104331,1.104043,1.104270,100,true
SYNTHETIC_EUR_USD,1m,2025-01-01T15:42:00+00:00,1.104270,1.104315,1.104259,1.104290,100,true
SYNTHETIC_EUR_USD,1m,2025-01-01T15:43:00+00:00,1.104290,1.104568,1.104189,1.104544,100,true
SYNTHETIC_EUR_USD,1m,2025-01-01T15:44:00+00:00,1.104544,1.104595,1.104231,1.104311,100,true
SYNTHETIC_EUR_USD,1m,2025-01-01T15:45:00+00:00,1.104311,1.104349,1.104155,1.104255,100,true
SYNTHETIC_EUR_USD,1m,2025-01-01T15:46:00+00:00,1.104255,1.104267,1.104128,1.104145,100,true
SYNTHETIC_EUR_USD,1m,2025-01-01T15:47:00+00:00,1.104145,1.104266,1.104036,1.104242,100,true
SYNTHETIC_EUR_USD,1m,2025-01-01T15:48:00+00:00,1.104242,1.104343,1.104085,1.104132,100,true
SYNTHETIC_EUR_USD,1m,2025-01-01T15:49:00+00:00,1.104132,1.104229,1.104059,1.104201,100,true
SYNTHETIC_EUR_USD,1m,2025-01-01T15:50:00+00:00,1.104201,1.104301,1.104099,1.104152,100,true
SYNTHETIC_EUR_USD,1m,2025-01-01T15:51:00+00:00,1.104152,1.104255,1.104119,1.104226,100,true
SYNTHETIC_EUR_USD,1m,2025-01-01T15:52:00+00:00,1.104226,1.104256,1.104093,1.104134,100,true
SYNTHETIC_EUR_USD,1m,2025-01-01T15:53:00+00:00,1.104134,1.104212,1.103978,1.104015,100,true
SYNTHETIC_EUR_USD,1m,2025-01-01T15:54:00+00:00,1.104015,1.104058,1.103782,1.103838,100,true
SYNTHETIC_EUR_USD,1m,2025-01-01T15:55:00+00:00,1.103838,1.103878,1.103605,1.103630,100,true
SYNTHETIC_EUR_USD,1m,2025-01-01T15:56:00+00:00,1.103630,1.103662,1.103334,1.103441,100,true
SYNTHETIC_EUR_USD,1m,2025-01-01T15:57:00+00:00,1.103441,1.103539,1.102997,1.103095,100,true
SYNTHETIC_EUR_USD,1m,2025-01-01T15:58:00+00:00,1.103095,1.103213,1.102792,1.102888,100,true
SYNTHETIC_EUR_USD,1m,2025-01-01T15:59:00+00:00,1.102888,1.102951,1.102505,1.102616,100,true
SYNTHETIC_EUR_USD,1m,2025-01-01T16:00:00+00:00,1.102616,1.102681,1.102510,1.102563,100,true
SYNTHETIC_EUR_USD,1m,2025-01-01T16:01:00+00:00,1.102563,1.102597,1.102340,1.102448,100,true
SYNTHETIC_EUR_USD,1m,2025-01-01T16:02:00+00:00,1.102448,1.102544,1.102381,1.102397,100,true
SYNTHETIC_EUR_USD,1m,2025-01-01T16:03:00+00:00,1.102397,1.102510,1.102277,1.102415,100,true
SYNTHETIC_EUR_USD,1m,2025-01-01T16:04:00+00:00,1.102415,1.102532,1.102276,1.102297,100,true
SYNTHETIC_EUR_USD,1m,2025-01-01T16:05:00+00:00,1.102297,1.102397,1.102045,1.102156,100,true
SYNTHETIC_EUR_USD,1m,2025-01-01T16:06:00+00:00,1.102156,1.102172,1.101892,1.102012,100,true
SYNTHETIC_EUR_USD,1m,2025-01-01T16:07:00+00:00,1.102012,1.102113,1.101963,1.102015,100,true
SYNTHETIC_EUR_USD,1m,2025-01-01T16:08:00+00:00,1.102015,1.102330,1.101912,1.102228,100,true
SYNTHETIC_EUR_USD,1m,2025-01-01T16:09:00+00:00,1.102228,1.102408,1.102141,1.102310,100,true
SYNTHETIC_EUR_USD,1m,2025-01-01T16:10:00+00:00,1.102310,1.102599,1.102297,1.102489,100,true
SYNTHETIC_EUR_USD,1m,2025-01-01T16:11:00+00:00,1.102489,1.102561,1.102388,1.102460,100,true
SYNTHETIC_EUR_USD,1m,2025-01-01T16:12:00+00:00,1.102460,1.102491,1.102148,1.102266,100,true
SYNTHETIC_EUR_USD,1m,2025-01-01T16:13:00+00:00,1.102266,1.102519,1.102202,1.102475,100,true
SYNTHETIC_EUR_USD,1m,2025-01-01T16:14:00+00:00,1.102475,1.102526,1.102439,1.102506,100,true
SYNTHETIC_EUR_USD,1m,2025-01-01T16:15:00+00:00,1.102506,1.102687,1.102395,1.102677,100,true
SYNTHETIC_EUR_USD,1m,2025-01-01T16:16:00+00:00,1.102677,1.103009,1.102652,1.102977,100,true
SYNTHETIC_EUR_USD,1m,2025-01-01T16:17:00+00:00,1.102977,1.103192,1.102932,1.103089,100,true
SYNTHETIC_EUR_USD,1m,2025-01-01T16:18:00+00:00,1.103089,1.103102,1.102927,1.103001,100,true
SYNTHETIC_EUR_USD,1m,2025-01-01T16:19:00+00:00,1.103001,1.103464,1.102897,1.103361,100,true
SYNTHETIC_EUR_USD,1m,2025-01-01T16:20:00+00:00,1.103361,1.103553,1.103309,1.103437,100,true
SYNTHETIC_EUR_USD,1m,2025-01-01T16:21:00+00:00,1.103437,1.103747,1.103394,1.103726,100,true
SYNTHETIC_EUR_USD,1m,2025-01-01T16:22:00+00:00,1.103726,1.103878,1.103699,1.103853,100,true
SYNTHETIC_EUR_USD,1m,2025-01-01T16:23:00+00:00,1.103853,1.104329,1.103771,1.104214,100,true
SYNTHETIC_EUR_USD,1m,2025-01-01T16:24:00+00:00,1.104214,1.104321,1.104097,1.104292,100,true
SYNTHETIC_EUR_USD,1m,2025-01-01T16:25:00+00:00,1.104292,1.104422,1.104258,1.104325,100,true
SYNTHETIC_EUR_USD,1m,2025-01-01T16:26:00+00:00,1.104325,1.104400,1.104147,1.104177,100,true
SYNTHETIC_EUR_USD,1m,2025-01-01T16:27:00+00:00,1.104177,1.104225,1.104087,1.104201,100,true
SYNTHETIC_EUR_USD,1m,2025-01-01T16:28:00+00:00,1.104201,1.104553,1.104087,1.104438,100,true
SYNTHETIC_EUR_USD,1m,2025-01-01T16:29:00+00:00,1.104438,1.104555,1.104166,1.104180,100,true
SYNTHETIC_EUR_USD,1m,2025-01-01T16:30:00+00:00,1.104180,1.104514,1.104068,1.104438,100,true
SYNTHETIC_EUR_USD,1m,2025-01-01T16:31:00+00:00,1.104438,1.104583,1.104325,1.104511,100,true
SYNTHETIC_EUR_USD,1m,2025-01-01T16:32:00+00:00,1.104511,1.104536,1.104366,1.104458,100,true
SYNTHETIC_EUR_USD,1m,2025-01-01T16:33:00+00:00,1.104458,1.104486,1.104316,1.104423,100,true
SYNTHETIC_EUR_USD,1m,2025-01-01T16:34:00+00:00,1.104423,1.104699,1.104335,1.104679,100,true
SYNTHETIC_EUR_USD,1m,2025-01-01T16:35:00+00:00,1.104679,1.104738,1.104373,1.104413,100,true
SYNTHETIC_EUR_USD,1m,2025-01-01T16:36:00+00:00,1.104413,1.104450,1.104078,1.104095,100,true
SYNTHETIC_EUR_USD,1m,2025-01-01T16:37:00+00:00,1.104095,1.104105,1.103898,1.103950,100,true
SYNTHETIC_EUR_USD,1m,2025-01-01T16:38:00+00:00,1.103950,1.104041,1.103734,1.103851,100,true
SYNTHETIC_EUR_USD,1m,2025-01-01T16:39:00+00:00,1.103851,1.103902,1.103718,1.103788,100,true
SYNTHETIC_EUR_USD,1m,2025-01-01T16:40:00+00:00,1.103788,1.103809,1.103457,1.103519,100,true
SYNTHETIC_EUR_USD,1m,2025-01-01T16:41:00+00:00,1.103519,1.103605,1.103427,1.103454,100,true
SYNTHETIC_EUR_USD,1m,2025-01-01T16:42:00+00:00,1.103454,1.103473,1.103040,1.103143,100,true
SYNTHETIC_EUR_USD,1m,2025-01-01T16:43:00+00:00,1.103143,1.103258,1.102920,1.102938,100,true
SYNTHETIC_EUR_USD,1m,2025-01-01T16:44:00+00:00,1.102938,1.102966,1.102818,1.102869,100,true
SYNTHETIC_EUR_USD,1m,2025-01-01T16:45:00+00:00,1.102869,1.102978,1.102673,1.102693,100,true
SYNTHETIC_EUR_USD,1m,2025-01-01T16:46:00+00:00,1.102693,1.102768,1.102320,1.102397,100,true
SYNTHETIC_EUR_USD,1m,2025-01-01T16:47:00+00:00,1.102397,1.102511,1.102210,1.102239,100,true
SYNTHETIC_EUR_USD,1m,2025-01-01T16:48:00+00:00,1.102239,1.102346,1.102105,1.102132,100,true
SYNTHETIC_EUR_USD,1m,2025-01-01T16:49:00+00:00,1.102132,1.102163,1.102022,1.102109,100,true
SYNTHETIC_EUR_USD,1m,2025-01-01T16:50:00+00:00,1.102109,1.102198,1.102002,1.102092,100,true
SYNTHETIC_EUR_USD,1m,2025-01-01T16:51:00+00:00,1.102092,1.102128,1.102027,1.102042,100,true
SYNTHETIC_EUR_USD,1m,2025-01-01T16:52:00+00:00,1.102042,1.102197,1.101940,1.102124,100,true
SYNTHETIC_EUR_USD,1m,2025-01-01T16:53:00+00:00,1.102124,1.102256,1.102082,1.102199,100,true
SYNTHETIC_EUR_USD,1m,2025-01-01T16:54:00+00:00,1.102199,1.102411,1.102123,1.102329,100,true
SYNTHETIC_EUR_USD,1m,2025-01-01T16:55:00+00:00,1.102329,1.102427,1.102287,1.102398,100,true
SYNTHETIC_EUR_USD,1m,2025-01-01T16:56:00+00:00,1.102398,1.102527,1.102295,1.102508,100,true
SYNTHETIC_EUR_USD,1m,2025-01-01T16:57:00+00:00,1.102508,1.102635,1.102425,1.102571,100,true
SYNTHETIC_EUR_USD,1m,2025-01-01T16:58:00+00:00,1.102571,1.102829,1.102501,1.102809,100,true
SYNTHETIC_EUR_USD,1m,2025-01-01T16:59:00+00:00,1.102809,1.103102,1.102750,1.103051,100,true
SYNTHETIC_EUR_USD,1m,2025-01-01T17:00:00+00:00,1.103051,1.103476,1.102990,1.103437,100,true
SYNTHETIC_EUR_USD,1m,2025-01-01T17:01:00+00:00,1.103437,1.103636,1.103345,1.103619,100,true
SYNTHETIC_EUR_USD,1m,2025-01-01T17:02:00+00:00,1.103619,1.103972,1.103600,1.103888,100,true
SYNTHETIC_EUR_USD,1m,2025-01-01T17:03:00+00:00,1.103888,1.104101,1.103814,1.103985,100,true
SYNTHETIC_EUR_USD,1m,2025-01-01T17:04:00+00:00,1.103985,1.104360,1.103882,1.104289,100,true
SYNTHETIC_EUR_USD,1m,2025-01-01T17:05:00+00:00,1.104289,1.104586,1.104183,1.104517,100,true
SYNTHETIC_EUR_USD,1m,2025-01-01T17:06:00+00:00,1.104517,1.104635,1.104410,1.104573,100,true
SYNTHETIC_EUR_USD,1m,2025-01-01T17:07:00+00:00,1.104573,1.104793,1.104484,1.104684,100,true
SYNTHETIC_EUR_USD,1m,2025-01-01T17:08:00+00:00,1.104684,1.104902,1.104575,1.104837,100,true
SYNTHETIC_EUR_USD,1m,2025-01-01T17:09:00+00:00,1.104837,1.105100,1.104813,1.105022,100,true
SYNTHETIC_EUR_USD,1m,2025-01-01T17:10:00+00:00,1.105022,1.105115,1.104931,1.104960,100,true
SYNTHETIC_EUR_USD,1m,2025-01-01T17:11:00+00:00,1.104960,1.105467,1.104936,1.105368,100,true
SYNTHETIC_EUR_USD,1m,2025-01-01T17:12:00+00:00,1.105368,1.105458,1.105249,1.105401,100,true
SYNTHETIC_EUR_USD,1m,2025-01-01T17:13:00+00:00,1.105401,1.105480,1.104961,1.105063,100,true
SYNTHETIC_EUR_USD,1m,2025-01-01T17:14:00+00:00,1.105063,1.105279,1.104952,1.105240,100,true
SYNTHETIC_EUR_USD,1m,2025-01-01T17:15:00+00:00,1.105240,1.105321,1.105187,1.105268,100,true
SYNTHETIC_EUR_USD,1m,2025-01-01T17:16:00+00:00,1.105268,1.105314,1.105169,1.105209,100,true
SYNTHETIC_EUR_USD,1m,2025-01-01T17:17:00+00:00,1.105209,1.105306,1.104834,1.104912,100,true
SYNTHETIC_EUR_USD,1m,2025-01-01T17:18:00+00:00,1.104912,1.104980,1.104835,1.104891,100,true
SYNTHETIC_EUR_USD,1m,2025-01-01T17:19:00+00:00,1.104891,1.104966,1.104634,1.104727,100,true
SYNTHETIC_EUR_USD,1m,2025-01-01T17:20:00+00:00,1.104727,1.104840,1.104524,1.104636,100,true
SYNTHETIC_EUR_USD,1m,2025-01-01T17:21:00+00:00,1.104636,1.104677,1.104373,1.104442,100,true
SYNTHETIC_EUR_USD,1m,2025-01-01T17:22:00+00:00,1.104442,1.104490,1.104209,1.104264,100,true
SYNTHETIC_EUR_USD,1m,2025-01-01T17:23:00+00:00,1.104264,1.104341,1.103979,1.103993,100,true
SYNTHETIC_EUR_USD,1m,2025-01-01T17:24:00+00:00,1.103993,1.104033,1.103885,1.103911,100,true
SYNTHETIC_EUR_USD,1m,2025-01-01T17:25:00+00:00,1.103911,1.103925,1.103480,1.103588,100,true
SYNTHETIC_EUR_USD,1m,2025-01-01T17:26:00+00:00,1.103588,1.103634,1.103256,1.103292,100,true
SYNTHETIC_EUR_USD,1m,2025-01-01T17:27:00+00:00,1.103292,1.103400,1.103096,1.103108,100,true
SYNTHETIC_EUR_USD,1m,2025-01-01T17:28:00+00:00,1.103108,1.103208,1.102625,1.102669,100,true
SYNTHETIC_EUR_USD,1m,2025-01-01T17:29:00+00:00,1.102669,1.102755,1.102463,1.102483,100,true
SYNTHETIC_EUR_USD,1m,2025-01-01T17:30:00+00:00,1.102483,1.102589,1.102450,1.102475,100,true
SYNTHETIC_EUR_USD,1m,2025-01-01T17:31:00+00:00,1.102475,1.102576,1.102435,1.102475,100,true
SYNTHETIC_EUR_USD,1m,2025-01-01T17:32:00+00:00,1.102475,1.102530,1.102263,1.102344,100,true
SYNTHETIC_EUR_USD,1m,2025-01-01T17:33:00+00:00,1.102344,1.102445,1.102196,1.102288,100,true
SYNTHETIC_EUR_USD,1m,2025-01-01T17:34:00+00:00,1.102288,1.102393,1.102182,1.102299,100,true
SYNTHETIC_EUR_USD,1m,2025-01-01T17:35:00+00:00,1.102299,1.102349,1.102255,1.102322,100,true
SYNTHETIC_EUR_USD,1m,2025-01-01T17:36:00+00:00,1.102322,1.102387,1.102152,1.102177,100,true
SYNTHETIC_EUR_USD,1m,2025-01-01T17:37:00+00:00,1.102177,1.102347,1.102145,1.102334,100,true
SYNTHETIC_EUR_USD,1m,2025-01-01T17:38:00+00:00,1.102334,1.102436,1.102070,1.102172,100,true
SYNTHETIC_EUR_USD,1m,2025-01-01T17:39:00+00:00,1.102172,1.102345,1.102085,1.102234,100,true
SYNTHETIC_EUR_USD,1m,2025-01-01T17:40:00+00:00,1.102234,1.102491,1.102133,1.102451,100,true
SYNTHETIC_EUR_USD,1m,2025-01-01T17:41:00+00:00,1.102451,1.102474,1.102373,1.102387,100,true
SYNTHETIC_EUR_USD,1m,2025-01-01T17:42:00+00:00,1.102387,1.102558,1.102311,1.102507,100,true
SYNTHETIC_EUR_USD,1m,2025-01-01T17:43:00+00:00,1.102507,1.102831,1.102459,1.102757,100,true
SYNTHETIC_EUR_USD,1m,2025-01-01T17:44:00+00:00,1.102757,1.103160,1.102648,1.103132,100,true
SYNTHETIC_EUR_USD,1m,2025-01-01T17:45:00+00:00,1.103132,1.103340,1.103079,1.103299,100,true
SYNTHETIC_EUR_USD,1m,2025-01-01T17:46:00+00:00,1.103299,1.103326,1.103218,1.103291,100,true
SYNTHETIC_EUR_USD,1m,2025-01-01T17:47:00+00:00,1.103291,1.103782,1.103206,1.103701,100,true
SYNTHETIC_EUR_USD,1m,2025-01-01T17:48:00+00:00,1.103701,1.103869,1.103646,1.103829,100,true
SYNTHETIC_EUR_USD,1m,2025-01-01T17:49:00+00:00,1.103829,1.104307,1.103818,1.104212,100,true
SYNTHETIC_EUR_USD,1m,2025-01-01T17:50:00+00:00,1.104212,1.104518,1.104131,1.104408,100,true
SYNTHETIC_EUR_USD,1m,2025-01-01T17:51:00+00:00,1.104408,1.104592,1.104309,1.104554,100,true
SYNTHETIC_EUR_USD,1m,2025-01-01T17:52:00+00:00,1.104554,1.104734,1.104438,1.104690,100,true
SYNTHETIC_EUR_USD,1m,2025-01-01T17:53:00+00:00,1.104690,1.104791,1.104642,1.104740,100,true
SYNTHETIC_EUR_USD,1m,2025-01-01T17:54:00+00:00,1.104740,1.104789,1.104679,1.104751,100,true
SYNTHETIC_EUR_USD,1m,2025-01-01T17:55:00+00:00,1.104751,1.104804,1.104718,1.104740,100,true
SYNTHETIC_EUR_USD,1m,2025-01-01T17:56:00+00:00,1.104740,1.104806,1.104521,1.104603,100,true
SYNTHETIC_EUR_USD,1m,2025-01-01T17:57:00+00:00,1.104603,1.104789,1.104526,1.104708,100,true
SYNTHETIC_EUR_USD,1m,2025-01-01T17:58:00+00:00,1.104708,1.104751,1.104604,1.104625,100,true
SYNTHETIC_EUR_USD,1m,2025-01-01T17:59:00+00:00,1.104625,1.105024,1.104521,1.104944,100,true
SYNTHETIC_EUR_USD,1m,2025-01-01T18:00:00+00:00,1.104944,1.105086,1.104856,1.105047,100,true
SYNTHETIC_EUR_USD,1m,2025-01-01T18:01:00+00:00,1.105047,1.105091,1.104953,1.105065,100,true
SYNTHETIC_EUR_USD,1m,2025-01-01T18:02:00+00:00,1.105065,1.105174,1.104818,1.104917,100,true
SYNTHETIC_EUR_USD,1m,2025-01-01T18:03:00+00:00,1.104917,1.104999,1.104778,1.104863,100,true
SYNTHETIC_EUR_USD,1m,2025-01-01T18:04:00+00:00,1.104863,1.104952,1.104501,1.104583,100,true
SYNTHETIC_EUR_USD,1m,2025-01-01T18:05:00+00:00,1.104583,1.104639,1.104480,1.104533,100,true
SYNTHETIC_EUR_USD,1m,2025-01-01T18:06:00+00:00,1.104533,1.104547,1.104286,1.104374,100,true
SYNTHETIC_EUR_USD,1m,2025-01-01T18:07:00+00:00,1.104374,1.104464,1.104101,1.104136,100,true
SYNTHETIC_EUR_USD,1m,2025-01-01T18:08:00+00:00,1.104136,1.104205,1.103830,1.103926,100,true
SYNTHETIC_EUR_USD,1m,2025-01-01T18:09:00+00:00,1.103926,1.103992,1.103793,1.103896,100,true
SYNTHETIC_EUR_USD,1m,2025-01-01T18:10:00+00:00,1.103896,1.103998,1.103511,1.103617,100,true
SYNTHETIC_EUR_USD,1m,2025-01-01T18:11:00+00:00,1.103617,1.103641,1.103425,1.103464,100,true
SYNTHETIC_EUR_USD,1m,2025-01-01T18:12:00+00:00,1.103464,1.103563,1.103250,1.103344,100,true
SYNTHETIC_EUR_USD,1m,2025-01-01T18:13:00+00:00,1.103344,1.103391,1.103239,1.103259,100,true
SYNTHETIC_EUR_USD,1m,2025-01-01T18:14:00+00:00,1.103259,1.103328,1.103167,1.103279,100,true
SYNTHETIC_EUR_USD,1m,2025-01-01T18:15:00+00:00,1.103279,1.103326,1.103038,1.103077,100,true
SYNTHETIC_EUR_USD,1m,2025-01-01T18:16:00+00:00,1.103077,1.103208,1.102973,1.103166,100,true
SYNTHETIC_EUR_USD,1m,2025-01-01T18:17:00+00:00,1.103166,1.103240,1.102727,1.102841,100,true
SYNTHETIC_EUR_USD,1m,2025-01-01T18:18:00+00:00,1.102841,1.102859,1.102714,1.102821,100,true
SYNTHETIC_EUR_USD,1m,2025-01-01T18:19:00+00:00,1.102821,1.102873,1.102498,1.102540,100,true
SYNTHETIC_EUR_USD,1m,2025-01-01T18:20:00+00:00,1.102540,1.102556,1.102421,1.102525,100,true
SYNTHETIC_EUR_USD,1m,2025-01-01T18:21:00+00:00,1.102525,1.102766,1.102453,1.102711,100,true
SYNTHETIC_EUR_USD,1m,2025-01-01T18:22:00+00:00,1.102711,1.103060,1.102650,1.102951,100,true
SYNTHETIC_EUR_USD,1m,2025-01-01T18:23:00+00:00,1.102951,1.103046,1.102692,1.102755,100,true
SYNTHETIC_EUR_USD,1m,2025-01-01T18:24:00+00:00,1.102755,1.103500,1.102726,1.103420,100,true
SYNTHETIC_EUR_USD,1m,2025-01-01T18:25:00+00:00,1.103420,1.103541,1.103326,1.103501,100,true
SYNTHETIC_EUR_USD,1m,2025-01-01T18:26:00+00:00,1.103501,1.103627,1.103407,1.103598,100,true
SYNTHETIC_EUR_USD,1m,2025-01-01T18:27:00+00:00,1.103598,1.103618,1.102986,1.103064,100,true
SYNTHETIC_EUR_USD,1m,2025-01-01T18:28:00+00:00,1.103064,1.103345,1.103009,1.103265,100,true
SYNTHETIC_EUR_USD,1m,2025-01-01T18:29:00+00:00,1.103265,1.103832,1.103233,1.103818,100,true
SYNTHETIC_EUR_USD,1m,2025-01-01T18:30:00+00:00,1.103818,1.103959,1.103806,1.103908,100,true
SYNTHETIC_EUR_USD,1m,2025-01-01T18:31:00+00:00,1.103908,1.103939,1.103671,1.103756,100,true
SYNTHETIC_EUR_USD,1m,2025-01-01T18:32:00+00:00,1.103756,1.104695,1.103718,1.104616,100,true
SYNTHETIC_EUR_USD,1m,2025-01-01T18:33:00+00:00,1.104616,1.104689,1.104564,1.104664,100,true
SYNTHETIC_EUR_USD,1m,2025-01-01T18:34:00+00:00,1.104664,1.104739,1.104460,1.104489,100,true
SYNTHETIC_EUR_USD,1m,2025-01-01T18:35:00+00:00,1.104489,1.104840,1.104399,1.104798,100,true
SYNTHETIC_EUR_USD,1m,2025-01-01T18:36:00+00:00,1.104798,1.104874,1.104595,1.104642,100,true
SYNTHETIC_EUR_USD,1m,2025-01-01T18:37:00+00:00,1.104642,1.105820,1.104533,1.105772,100,true
SYNTHETIC_EUR_USD,1m,2025-01-01T18:38:00+00:00,1.105772,1.105822,1.105000,1.105030,100,true
SYNTHETIC_EUR_USD,1m,2025-01-01T18:39:00+00:00,1.105030,1.106020,1.104995,1.105966,100,true
SYNTHETIC_EUR_USD,1m,2025-01-01T18:40:00+00:00,1.105966,1.106056,1.105718,1.105743,100,true
SYNTHETIC_EUR_USD,1m,2025-01-01T18:41:00+00:00,1.105743,1.105771,1.105679,1.105729,100,true
SYNTHETIC_EUR_USD,1m,2025-01-01T18:42:00+00:00,1.105729,1.105811,1.105198,1.105212,100,true
SYNTHETIC_EUR_USD,1m,2025-01-01T18:43:00+00:00,1.105212,1.105489,1.105197,1.105420,100,true
SYNTHETIC_EUR_USD,1m,2025-01-01T18:44:00+00:00,1.105420,1.105539,1.105085,1.105167,100,true
SYNTHETIC_EUR_USD,1m,2025-01-01T18:45:00+00:00,1.105167,1.105253,1.105004,1.105060,100,true
SYNTHETIC_EUR_USD,1m,2025-01-01T18:46:00+00:00,1.105060,1.105112,1.104839,1.104909,100,true
SYNTHETIC_EUR_USD,1m,2025-01-01T18:47:00+00:00,1.104909,1.104996,1.104495,1.104575,100,true
SYNTHETIC_EUR_USD,1m,2025-01-01T18:48:00+00:00,1.104575,1.104618,1.104403,1.104485,100,true
SYNTHETIC_EUR_USD,1m,2025-01-01T18:49:00+00:00,1.104485,1.104562,1.104151,1.104176,100,true
SYNTHETIC_EUR_USD,1m,2025-01-01T18:50:00+00:00,1.104176,1.104277,1.103727,1.103748,100,true
SYNTHETIC_EUR_USD,1m,2025-01-01T18:51:00+00:00,1.103748,1.103771,1.103519,1.103541,100,true
SYNTHETIC_EUR_USD,1m,2025-01-01T18:52:00+00:00,1.103541,1.103573,1.103137,1.103169,100,true
SYNTHETIC_EUR_USD,1m,2025-01-01T18:53:00+00:00,1.103169,1.103201,1.102862,1.102950,100,true
SYNTHETIC_EUR_USD,1m,2025-01-01T18:54:00+00:00,1.102950,1.103298,1.102935,1.103255,100,true
SYNTHETIC_EUR_USD,1m,2025-01-01T18:55:00+00:00,1.103255,1.103368,1.102760,1.102806,100,true
SYNTHETIC_EUR_USD,1m,2025-01-01T18:56:00+00:00,1.102806,1.102817,1.102560,1.102643,100,true
SYNTHETIC_EUR_USD,1m,2025-01-01T18:57:00+00:00,1.102643,1.103202,1.102617,1.103118,100,true
SYNTHETIC_EUR_USD,1m,2025-01-01T18:58:00+00:00,1.103118,1.103138,1.102488,1.102554,100,true
SYNTHETIC_EUR_USD,1m,2025-01-01T18:59:00+00:00,1.102554,1.102592,1.102360,1.102395,100,true
SYNTHETIC_EUR_USD,1m,2025-01-01T19:00:00+00:00,1.102395,1.102514,1.102062,1.102104,100,true
SYNTHETIC_EUR_USD,1m,2025-01-01T19:01:00+00:00,1.102104,1.102134,1.101824,1.101838,100,true
SYNTHETIC_EUR_USD,1m,2025-01-01T19:02:00+00:00,1.101838,1.101880,1.101717,1.101815,100,true
SYNTHETIC_EUR_USD,1m,2025-01-01T19:03:00+00:00,1.101815,1.101836,1.101431,1.101524,100,true
SYNTHETIC_EUR_USD,1m,2025-01-01T19:04:00+00:00,1.101524,1.102131,1.101421,1.102116,100,true
SYNTHETIC_EUR_USD,1m,2025-01-01T19:05:00+00:00,1.102116,1.102165,1.101943,1.102001,100,true
SYNTHETIC_EUR_USD,1m,2025-01-01T19:06:00+00:00,1.102001,1.102079,1.101722,1.101829,100,true
SYNTHETIC_EUR_USD,1m,2025-01-01T19:07:00+00:00,1.101829,1.102534,1.101775,1.102504,100,true
SYNTHETIC_EUR_USD,1m,2025-01-01T19:08:00+00:00,1.102504,1.103110,1.102464,1.102994,100,true
SYNTHETIC_EUR_USD,1m,2025-01-01T19:09:00+00:00,1.102994,1.103092,1.102433,1.102514,100,true
SYNTHETIC_EUR_USD,1m,2025-01-01T19:10:00+00:00,1.102514,1.103251,1.102491,1.103154,100,true
SYNTHETIC_EUR_USD,1m,2025-01-01T19:11:00+00:00,1.103154,1.103365,1.103126,1.103251,100,true
SYNTHETIC_EUR_USD,1m,2025-01-01T19:12:00+00:00,1.103251,1.103333,1.103176,1.103277,100,true
SYNTHETIC_EUR_USD,1m,2025-01-01T19:13:00+00:00,1.103277,1.103670,1.103226,1.103640,100,true
SYNTHETIC_EUR_USD,1m,2025-01-01T19:14:00+00:00,1.103640,1.103690,1.103232,1.103245,100,true
SYNTHETIC_EUR_USD,1m,2025-01-01T19:15:00+00:00,1.103245,1.103363,1.103095,1.103119,100,true
SYNTHETIC_EUR_USD,1m,2025-01-01T19:16:00+00:00,1.103119,1.103230,1.102576,1.102599,100,true
SYNTHETIC_EUR_USD,1m,2025-01-01T19:17:00+00:00,1.102599,1.102710,1.102554,1.102671,100,true
SYNTHETIC_EUR_USD,1m,2025-01-01T19:18:00+00:00,1.102671,1.102992,1.102586,1.102905,100,true
SYNTHETIC_EUR_USD,1m,2025-01-01T19:19:00+00:00,1.102905,1.103193,1.102787,1.103121,100,true
SYNTHETIC_EUR_USD,1m,2025-01-01T19:20:00+00:00,1.103121,1.103204,1.102697,1.102744,100,true
SYNTHETIC_EUR_USD,1m,2025-01-01T19:21:00+00:00,1.102744,1.102764,1.102174,1.102257,100,true
SYNTHETIC_EUR_USD,1m,2025-01-01T19:22:00+00:00,1.102257,1.102313,1.102209,1.102276,100,true
SYNTHETIC_EUR_USD,1m,2025-01-01T19:23:00+00:00,1.102276,1.102378,1.102115,1.102187,100,true
SYNTHETIC_EUR_USD,1m,2025-01-01T19:24:00+00:00,1.102187,1.102305,1.101882,1.101898,100,true
SYNTHETIC_EUR_USD,1m,2025-01-01T19:25:00+00:00,1.101898,1.102001,1.101688,1.101792,100,true
SYNTHETIC_EUR_USD,1m,2025-01-01T19:26:00+00:00,1.101792,1.101897,1.101604,1.101622,100,true
SYNTHETIC_EUR_USD,1m,2025-01-01T19:27:00+00:00,1.101622,1.101739,1.101298,1.101313,100,true
SYNTHETIC_EUR_USD,1m,2025-01-01T19:28:00+00:00,1.101313,1.101348,1.101211,1.101291,100,true
SYNTHETIC_EUR_USD,1m,2025-01-01T19:29:00+00:00,1.101291,1.101352,1.100891,1.100989,100,true
SYNTHETIC_EUR_USD,1m,2025-01-01T19:30:00+00:00,1.100989,1.101130,1.100885,1.101070,100,true
SYNTHETIC_EUR_USD,1m,2025-01-01T19:31:00+00:00,1.101070,1.101135,1.100691,1.100773,100,true
SYNTHETIC_EUR_USD,1m,2025-01-01T19:32:00+00:00,1.100773,1.100794,1.100657,1.100712,100,true
SYNTHETIC_EUR_USD,1m,2025-01-01T19:33:00+00:00,1.100712,1.100732,1.100485,1.100561,100,true
SYNTHETIC_EUR_USD,1m,2025-01-01T19:34:00+00:00,1.100561,1.100640,1.100358,1.100401,100,true
SYNTHETIC_EUR_USD,1m,2025-01-01T19:35:00+00:00,1.100401,1.100485,1.099846,1.099961,100,true
SYNTHETIC_EUR_USD,1m,2025-01-01T19:36:00+00:00,1.099961,1.100011,1.099755,1.099771,100,true
SYNTHETIC_EUR_USD,1m,2025-01-01T19:37:00+00:00,1.099771,1.099842,1.099588,1.099666,100,true
SYNTHETIC_EUR_USD,1m,2025-01-01T19:38:00+00:00,1.099666,1.099982,1.099584,1.099920,100,true
SYNTHETIC_EUR_USD,1m,2025-01-01T19:39:00+00:00,1.099920,1.100014,1.099668,1.099703,100,true
SYNTHETIC_EUR_USD,1m,2025-01-01T19:40:00+00:00,1.099703,1.099750,1.099240,1.099341,100,true
SYNTHETIC_EUR_USD,1m,2025-01-01T19:41:00+00:00,1.099341,1.099575,1.099254,1.099507,100,true
SYNTHETIC_EUR_USD,1m,2025-01-01T19:42:00+00:00,1.099507,1.099522,1.099261,1.099289,100,true
SYNTHETIC_EUR_USD,1m,2025-01-01T19:43:00+00:00,1.099289,1.099654,1.099267,1.099565,100,true
SYNTHETIC_EUR_USD,1m,2025-01-01T19:44:00+00:00,1.099565,1.100025,1.099534,1.099947,100,true
SYNTHETIC_EUR_USD,1m,2025-01-01T19:45:00+00:00,1.099947,1.100283,1.099851,1.100222,100,true
SYNTHETIC_EUR_USD,1m,2025-01-01T19:46:00+00:00,1.100222,1.100311,1.099967,1.099989,100,true
SYNTHETIC_EUR_USD,1m,2025-01-01T19:47:00+00:00,1.099989,1.100091,1.099090,1.099165,100,true
SYNTHETIC_EUR_USD,1m,2025-01-01T19:48:00+00:00,1.099165,1.099715,1.099105,1.099620,100,true
SYNTHETIC_EUR_USD,1m,2025-01-01T19:49:00+00:00,1.099620,1.099644,1.099023,1.099088,100,true
SYNTHETIC_EUR_USD,1m,2025-01-01T19:50:00+00:00,1.099088,1.099156,1.098271,1.098286,100,true
SYNTHETIC_EUR_USD,1m,2025-01-01T19:51:00+00:00,1.098286,1.099113,1.098220,1.099050,100,true
SYNTHETIC_EUR_USD,1m,2025-01-01T19:52:00+00:00,1.099050,1.099162,1.098804,1.098834,100,true
SYNTHETIC_EUR_USD,1m,2025-01-01T19:53:00+00:00,1.098834,1.098858,1.098318,1.098371,100,true
SYNTHETIC_EUR_USD,1m,2025-01-01T19:54:00+00:00,1.098371,1.098447,1.098084,1.098191,100,true
SYNTHETIC_EUR_USD,1m,2025-01-01T19:55:00+00:00,1.098191,1.098309,1.097830,1.097941,100,true
SYNTHETIC_EUR_USD,1m,2025-01-01T19:56:00+00:00,1.097941,1.098182,1.097901,1.098088,100,true
SYNTHETIC_EUR_USD,1m,2025-01-01T19:57:00+00:00,1.098088,1.099351,1.098064,1.099291,100,true
SYNTHETIC_EUR_USD,1m,2025-01-01T19:58:00+00:00,1.099291,1.099346,1.099139,1.099226,100,true
SYNTHETIC_EUR_USD,1m,2025-01-01T19:59:00+00:00,1.099226,1.099489,1.099121,1.099402,100,true
SYNTHETIC_EUR_USD,1m,2025-01-01T20:00:00+00:00,1.099402,1.099490,1.099132,1.099245,100,true
SYNTHETIC_EUR_USD,1m,2025-01-01T20:01:00+00:00,1.099245,1.099505,1.099203,1.099426,100,true
SYNTHETIC_EUR_USD,1m,2025-01-01T20:02:00+00:00,1.099426,1.099644,1.099343,1.099596,100,true
SYNTHETIC_EUR_USD,1m,2025-01-01T20:03:00+00:00,1.099596,1.100102,1.099530,1.099987,100,true
SYNTHETIC_EUR_USD,1m,2025-01-01T20:04:00+00:00,1.099987,1.100257,1.099941,1.100171,100,true
SYNTHETIC_EUR_USD,1m,2025-01-01T20:05:00+00:00,1.100171,1.100505,1.100098,1.100442,100,true
SYNTHETIC_EUR_USD,1m,2025-01-01T20:06:00+00:00,1.100442,1.100768,1.100386,1.100684,100,true
SYNTHETIC_EUR_USD,1m,2025-01-01T20:07:00+00:00,1.100684,1.100869,1.100581,1.100828,100,true
SYNTHETIC_EUR_USD,1m,2025-01-01T20:08:00+00:00,1.100828,1.100927,1.100653,1.100721,100,true
SYNTHETIC_EUR_USD,1m,2025-01-01T20:09:00+00:00,1.100721,1.100970,1.100689,1.100886,100,true
SYNTHETIC_EUR_USD,1m,2025-01-01T20:10:00+00:00,1.100886,1.101062,1.100858,1.100970,100,true
SYNTHETIC_EUR_USD,1m,2025-01-01T20:11:00+00:00,1.100970,1.101099,1.100884,1.100996,100,true
SYNTHETIC_EUR_USD,1m,2025-01-01T20:12:00+00:00,1.100996,1.101150,1.100903,1.101107,100,true
SYNTHETIC_EUR_USD,1m,2025-01-01T20:13:00+00:00,1.101107,1.101341,1.101002,1.101320,100,true
SYNTHETIC_EUR_USD,1m,2025-01-01T20:14:00+00:00,1.101320,1.101430,1.101215,1.101338,100,true
SYNTHETIC_EUR_USD,1m,2025-01-01T20:15:00+00:00,1.101338,1.101375,1.101187,1.101283,100,true
SYNTHETIC_EUR_USD,1m,2025-01-01T20:16:00+00:00,1.101283,1.101381,1.101021,1.101063,100,true
SYNTHETIC_EUR_USD,1m,2025-01-01T20:17:00+00:00,1.101063,1.101115,1.100723,1.100838,100,true
SYNTHETIC_EUR_USD,1m,2025-01-01T20:18:00+00:00,1.100838,1.100956,1.100460,1.100505,100,true
SYNTHETIC_EUR_USD,1m,2025-01-01T20:19:00+00:00,1.100505,1.100543,1.100300,1.100378,100,true
SYNTHETIC_EUR_USD,1m,2025-01-01T20:20:00+00:00,1.100378,1.100474,1.100150,1.100256,100,true
SYNTHETIC_EUR_USD,1m,2025-01-01T20:21:00+00:00,1.100256,1.100351,1.100175,1.100264,100,true
SYNTHETIC_EUR_USD,1m,2025-01-01T20:22:00+00:00,1.100264,1.100357,1.099842,1.099913,100,true
SYNTHETIC_EUR_USD,1m,2025-01-01T20:23:00+00:00,1.099913,1.100029,1.099589,1.099631,100,true
SYNTHETIC_EUR_USD,1m,2025-01-01T20:24:00+00:00,1.099631,1.099661,1.099312,1.099397,100,true
SYNTHETIC_EUR_USD,1m,2025-01-01T20:25:00+00:00,1.099397,1.099463,1.099276,1.099327,100,true
SYNTHETIC_EUR_USD,1m,2025-01-01T20:26:00+00:00,1.099327,1.099385,1.099240,1.099312,100,true
SYNTHETIC_EUR_USD,1m,2025-01-01T20:27:00+00:00,1.099312,1.099391,1.099265,1.099353,100,true
SYNTHETIC_EUR_USD,1m,2025-01-01T20:28:00+00:00,1.099353,1.099509,1.099326,1.099421,100,true
SYNTHETIC_EUR_USD,1m,2025-01-01T20:29:00+00:00,1.099421,1.099470,1.099308,1.099455,100,true
SYNTHETIC_EUR_USD,1m,2025-01-01T20:30:00+00:00,1.099455,1.099617,1.099372,1.099539,100,true
SYNTHETIC_EUR_USD,1m,2025-01-01T20:31:00+00:00,1.099539,1.099588,1.099308,1.099404,100,true
SYNTHETIC_EUR_USD,1m,2025-01-01T20:32:00+00:00,1.099404,1.099506,1.099370,1.099461,100,true
SYNTHETIC_EUR_USD,1m,2025-01-01T20:33:00+00:00,1.099461,1.099617,1.099405,1.099552,100,true
SYNTHETIC_EUR_USD,1m,2025-01-01T20:34:00+00:00,1.099552,1.099760,1.099531,1.099691,100,true
SYNTHETIC_EUR_USD,1m,2025-01-01T20:35:00+00:00,1.099691,1.099875,1.099641,1.099829,100,true
SYNTHETIC_EUR_USD,1m,2025-01-01T20:36:00+00:00,1.099829,1.100091,1.099736,1.100057,100,true
SYNTHETIC_EUR_USD,1m,2025-01-01T20:37:00+00:00,1.100057,1.100157,1.099709,1.099827,100,true
SYNTHETIC_EUR_USD,1m,2025-01-01T20:38:00+00:00,1.099827,1.099948,1.099743,1.099937,100,true
SYNTHETIC_EUR_USD,1m,2025-01-01T20:39:00+00:00,1.099937,1.100015,1.099818,1.099896,100,true
SYNTHETIC_EUR_USD,1m,2025-01-01T20:40:00+00:00,1.099896,1.100317,1.099811,1.100201,100,true
SYNTHETIC_EUR_USD,1m,2025-01-01T20:41:00+00:00,1.100201,1.100429,1.100149,1.100315,100,true
SYNTHETIC_EUR_USD,1m,2025-01-01T20:42:00+00:00,1.100315,1.100861,1.100274,1.100792,100,true
SYNTHETIC_EUR_USD,1m,2025-01-01T20:43:00+00:00,1.100792,1.101272,1.100693,1.101220,100,true
SYNTHETIC_EUR_USD,1m,2025-01-01T20:44:00+00:00,1.101220,1.101401,1.101206,1.101342,100,true
SYNTHETIC_EUR_USD,1m,2025-01-01T20:45:00+00:00,1.101342,1.101707,1.101228,1.101641,100,true
SYNTHETIC_EUR_USD,1m,2025-01-01T20:46:00+00:00,1.101641,1.101851,1.101526,1.101823,100,true
SYNTHETIC_EUR_USD,1m,2025-01-01T20:47:00+00:00,1.101823,1.102044,1.101739,1.102027,100,true
SYNTHETIC_EUR_USD,1m,2025-01-01T20:48:00+00:00,1.102027,1.102322,1.101921,1.102227,100,true
SYNTHETIC_EUR_USD,1m,2025-01-01T20:49:00+00:00,1.102227,1.102434,1.102140,1.102364,100,true
SYNTHETIC_EUR_USD,1m,2025-01-01T20:50:00+00:00,1.102364,1.102675,1.102269,1.102558,100,true
SYNTHETIC_EUR_USD,1m,2025-01-01T20:51:00+00:00,1.102558,1.102650,1.102505,1.102532,100,true
SYNTHETIC_EUR_USD,1m,2025-01-01T20:52:00+00:00,1.102532,1.102593,1.102382,1.102428,100,true
SYNTHETIC_EUR_USD,1m,2025-01-01T20:53:00+00:00,1.102428,1.102658,1.102357,1.102561,100,true
SYNTHETIC_EUR_USD,1m,2025-01-01T20:54:00+00:00,1.102561,1.102728,1.102526,1.102654,100,true
SYNTHETIC_EUR_USD,1m,2025-01-01T20:55:00+00:00,1.102654,1.102774,1.102597,1.102695,100,true
SYNTHETIC_EUR_USD,1m,2025-01-01T20:56:00+00:00,1.102695,1.102847,1.102611,1.102835,100,true
SYNTHETIC_EUR_USD,1m,2025-01-01T20:57:00+00:00,1.102835,1.102913,1.102571,1.102665,100,true
SYNTHETIC_EUR_USD,1m,2025-01-01T20:58:00+00:00,1.102665,1.102739,1.102514,1.102601,100,true
SYNTHETIC_EUR_USD,1m,2025-01-01T20:59:00+00:00,1.102601,1.102822,1.102504,1.102800,100,true
SYNTHETIC_EUR_USD,1m,2025-01-01T21:00:00+00:00,1.102800,1.102897,1.102781,1.102854,100,true
SYNTHETIC_EUR_USD,1m,2025-01-01T21:01:00+00:00,1.102854,1.102907,1.102699,1.102782,100,true
SYNTHETIC_EUR_USD,1m,2025-01-01T21:02:00+00:00,1.102782,1.102844,1.102487,1.102556,100,true
SYNTHETIC_EUR_USD,1m,2025-01-01T21:03:00+00:00,1.102556,1.102654,1.102455,1.102525,100,true
SYNTHETIC_EUR_USD,1m,2025-01-01T21:04:00+00:00,1.102525,1.102641,1.102474,1.102500,100,true
SYNTHETIC_EUR_USD,1m,2025-01-01T21:05:00+00:00,1.102500,1.102597,1.102173,1.102263,100,true
SYNTHETIC_EUR_USD,1m,2025-01-01T21:06:00+00:00,1.102263,1.102314,1.101790,1.101905,100,true
SYNTHETIC_EUR_USD,1m,2025-01-01T21:07:00+00:00,1.101905,1.101928,1.101634,1.101645,100,true
SYNTHETIC_EUR_USD,1m,2025-01-01T21:08:00+00:00,1.101645,1.101720,1.101417,1.101486,100,true
SYNTHETIC_EUR_USD,1m,2025-01-01T21:09:00+00:00,1.101486,1.101578,1.101375,1.101485,100,true
SYNTHETIC_EUR_USD,1m,2025-01-01T21:10:00+00:00,1.101485,1.101532,1.101312,1.101367,100,true
SYNTHETIC_EUR_USD,1m,2025-01-01T21:11:00+00:00,1.101367,1.101395,1.101178,1.101213,100,true
SYNTHETIC_EUR_USD,1m,2025-01-01T21:12:00+00:00,1.101213,1.101314,1.101019,1.101051,100,true
SYNTHETIC_EUR_USD,1m,2025-01-01T21:13:00+00:00,1.101051,1.101218,1.100947,1.101115,100,true
SYNTHETIC_EUR_USD,1m,2025-01-01T21:14:00+00:00,1.101115,1.101420,1.100995,1.101308,100,true
SYNTHETIC_EUR_USD,1m,2025-01-01T21:15:00+00:00,1.101308,1.101350,1.101165,1.101183,100,true
SYNTHETIC_EUR_USD,1m,2025-01-01T21:16:00+00:00,1.101183,1.101287,1.101093,1.101267,100,true
SYNTHETIC_EUR_USD,1m,2025-01-01T21:17:00+00:00,1.101267,1.101291,1.101150,1.101233,100,true
SYNTHETIC_EUR_USD,1m,2025-01-01T21:18:00+00:00,1.101233,1.101361,1.101154,1.101340,100,true
SYNTHETIC_EUR_USD,1m,2025-01-01T21:19:00+00:00,1.101340,1.101608,1.101262,1.101548,100,true
SYNTHETIC_EUR_USD,1m,2025-01-01T21:20:00+00:00,1.101548,1.101677,1.101474,1.101633,100,true
SYNTHETIC_EUR_USD,1m,2025-01-01T21:21:00+00:00,1.101633,1.101741,1.101576,1.101696,100,true
SYNTHETIC_EUR_USD,1m,2025-01-01T21:22:00+00:00,1.101696,1.101849,1.101659,1.101838,100,true
SYNTHETIC_EUR_USD,1m,2025-01-01T21:23:00+00:00,1.101838,1.102136,1.101736,1.102078,100,true
SYNTHETIC_EUR_USD,1m,2025-01-01T21:24:00+00:00,1.102078,1.102514,1.101987,1.102490,100,true
SYNTHETIC_EUR_USD,1m,2025-01-01T21:25:00+00:00,1.102490,1.102864,1.102446,1.102815,100,true
SYNTHETIC_EUR_USD,1m,2025-01-01T21:26:00+00:00,1.102815,1.103029,1.102785,1.102958,100,true
SYNTHETIC_EUR_USD,1m,2025-01-01T21:27:00+00:00,1.102958,1.103121,1.102932,1.103017,100,true
SYNTHETIC_EUR_USD,1m,2025-01-01T21:28:00+00:00,1.103017,1.103182,1.102978,1.103113,100,true
SYNTHETIC_EUR_USD,1m,2025-01-01T21:29:00+00:00,1.103113,1.103403,1.103101,1.103385,100,true
SYNTHETIC_EUR_USD,1m,2025-01-01T21:30:00+00:00,1.103385,1.103648,1.103372,1.103582,100,true
SYNTHETIC_EUR_USD,1m,2025-01-01T21:31:00+00:00,1.103582,1.103768,1.103473,1.103694,100,true
SYNTHETIC_EUR_USD,1m,2025-01-01T21:32:00+00:00,1.103694,1.103908,1.103624,1.103837,100,true
SYNTHETIC_EUR_USD,1m,2025-01-01T21:33:00+00:00,1.103837,1.104255,1.103787,1.104160,100,true
SYNTHETIC_EUR_USD,1m,2025-01-01T21:34:00+00:00,1.104160,1.104361,1.104065,1.104326,100,true
SYNTHETIC_EUR_USD,1m,2025-01-01T21:35:00+00:00,1.104326,1.104523,1.104260,1.104461,100,true
SYNTHETIC_EUR_USD,1m,2025-01-01T21:36:00+00:00,1.104461,1.104538,1.104396,1.104485,100,true
SYNTHETIC_EUR_USD,1m,2025-01-01T21:37:00+00:00,1.104485,1.104584,1.104384,1.104461,100,true
SYNTHETIC_EUR_USD,1m,2025-01-01T21:38:00+00:00,1.104461,1.104489,1.104268,1.104335,100,true
SYNTHETIC_EUR_USD,1m,2025-01-01T21:39:00+00:00,1.104335,1.104449,1.104228,1.104310,100,true
SYNTHETIC_EUR_USD,1m,2025-01-01T21:40:00+00:00,1.104310,1.104473,1.104219,1.104356,100,true
SYNTHETIC_EUR_USD,1m,2025-01-01T21:41:00+00:00,1.104356,1.104390,1.104177,1.104240,100,true
SYNTHETIC_EUR_USD,1m,2025-01-01T21:42:00+00:00,1.104240,1.104257,1.104175,1.104225,100,true
SYNTHETIC_EUR_USD,1m,2025-01-01T21:43:00+00:00,1.104225,1.104365,1.104175,1.104256,100,true
SYNTHETIC_EUR_USD,1m,2025-01-01T21:44:00+00:00,1.104256,1.104317,1.104149,1.104209,100,true
SYNTHETIC_EUR_USD,1m,2025-01-01T21:45:00+00:00,1.104209,1.104493,1.104122,1.104448,100,true
SYNTHETIC_EUR_USD,1m,2025-01-01T21:46:00+00:00,1.104448,1.104515,1.104345,1.104446,100,true
SYNTHETIC_EUR_USD,1m,2025-01-01T21:47:00+00:00,1.104446,1.104516,1.104356,1.104385,100,true
SYNTHETIC_EUR_USD,1m,2025-01-01T21:48:00+00:00,1.104385,1.104467,1.104138,1.104188,100,true
SYNTHETIC_EUR_USD,1m,2025-01-01T21:49:00+00:00,1.104188,1.104255,1.103887,1.103939,100,true
SYNTHETIC_EUR_USD,1m,2025-01-01T21:50:00+00:00,1.103939,1.104048,1.103565,1.103632,100,true
SYNTHETIC_EUR_USD,1m,2025-01-01T21:51:00+00:00,1.103632,1.103696,1.103308,1.103371,100,true
SYNTHETIC_EUR_USD,1m,2025-01-01T21:52:00+00:00,1.103371,1.103532,1.103306,1.103455,100,true
SYNTHETIC_EUR_USD,1m,2025-01-01T21:53:00+00:00,1.103455,1.103474,1.103323,1.103404,100,true
SYNTHETIC_EUR_USD,1m,2025-01-01T21:54:00+00:00,1.103404,1.103437,1.103345,1.103375,100,true
SYNTHETIC_EUR_USD,1m,2025-01-01T21:55:00+00:00,1.103375,1.103399,1.103150,1.103185,100,true
SYNTHETIC_EUR_USD,1m,2025-01-01T21:56:00+00:00,1.103185,1.103382,1.103096,1.103283,100,true
SYNTHETIC_EUR_USD,1m,2025-01-01T21:57:00+00:00,1.103283,1.103316,1.103094,1.103121,100,true
SYNTHETIC_EUR_USD,1m,2025-01-01T21:58:00+00:00,1.103121,1.103237,1.103109,1.103135,100,true
SYNTHETIC_EUR_USD,1m,2025-01-01T21:59:00+00:00,1.103135,1.103336,1.103056,1.103309,100,true
SYNTHETIC_EUR_USD,1m,2025-01-01T22:00:00+00:00,1.103309,1.103413,1.103236,1.103398,100,true
SYNTHETIC_EUR_USD,1m,2025-01-01T22:01:00+00:00,1.103398,1.103589,1.103283,1.103559,100,true
SYNTHETIC_EUR_USD,1m,2025-01-01T22:02:00+00:00,1.103559,1.103766,1.103487,1.103690,100,true
SYNTHETIC_EUR_USD,1m,2025-01-01T22:03:00+00:00,1.103690,1.104087,1.103649,1.104004,100,true
SYNTHETIC_EUR_USD,1m,2025-01-01T22:04:00+00:00,1.104004,1.104193,1.103944,1.104173,100,true
SYNTHETIC_EUR_USD,1m,2025-01-01T22:05:00+00:00,1.104173,1.104611,1.104072,1.104583,100,true
SYNTHETIC_EUR_USD,1m,2025-01-01T22:06:00+00:00,1.104583,1.104836,1.104485,1.104760,100,true
SYNTHETIC_EUR_USD,1m,2025-01-01T22:07:00+00:00,1.104760,1.105079,1.104721,1.104997,100,true
SYNTHETIC_EUR_USD,1m,2025-01-01T22:08:00+00:00,1.104997,1.105236,1.104949,1.105147,100,true
SYNTHETIC_EUR_USD,1m,2025-01-01T22:09:00+00:00,1.105147,1.105257,1.105094,1.105222,100,true
SYNTHETIC_EUR_USD,1m,2025-01-01T22:10:00+00:00,1.105222,1.105526,1.105190,1.105504,100,true
SYNTHETIC_EUR_USD,1m,2025-01-01T22:11:00+00:00,1.105504,1.105890,1.105478,1.105834,100,true
SYNTHETIC_EUR_USD,1m,2025-01-01T22:12:00+00:00,1.105834,1.105984,1.105772,1.105964,100,true
SYNTHETIC_EUR_USD,1m,2025-01-01T22:13:00+00:00,1.105964,1.106270,1.105898,1.106174,100,true
SYNTHETIC_EUR_USD,1m,2025-01-01T22:14:00+00:00,1.106174,1.106403,1.106111,1.106380,100,true
SYNTHETIC_EUR_USD,1m,2025-01-01T22:15:00+00:00,1.106380,1.106810,1.106271,1.106709,100,true
SYNTHETIC_EUR_USD,1m,2025-01-01T22:16:00+00:00,1.106709,1.107127,1.106628,1.107032,100,true
SYNTHETIC_EUR_USD,1m,2025-01-01T22:17:00+00:00,1.107032,1.107119,1.106964,1.107104,100,true
SYNTHETIC_EUR_USD,1m,2025-01-01T22:18:00+00:00,1.107104,1.107290,1.107006,1.107255,100,true
SYNTHETIC_EUR_USD,1m,2025-01-01T22:19:00+00:00,1.107255,1.107504,1.107164,1.107430,100,true
SYNTHETIC_EUR_USD,1m,2025-01-01T22:20:00+00:00,1.107430,1.107531,1.107343,1.107438,100,true
SYNTHETIC_EUR_USD,1m,2025-01-01T22:21:00+00:00,1.107438,1.107650,1.107402,1.107587,100,true
SYNTHETIC_EUR_USD,1m,2025-01-01T22:22:00+00:00,1.107587,1.107801,1.107546,1.107696,100,true
SYNTHETIC_EUR_USD,1m,2025-01-01T22:23:00+00:00,1.107696,1.107861,1.107608,1.107830,100,true
SYNTHETIC_EUR_USD,1m,2025-01-01T22:24:00+00:00,1.107830,1.107927,1.107692,1.107765,100,true
SYNTHETIC_EUR_USD,1m,2025-01-01T22:25:00+00:00,1.107765,1.107854,1.107679,1.107772,100,true
SYNTHETIC_EUR_USD,1m,2025-01-01T22:26:00+00:00,1.107772,1.107817,1.107705,1.107754,100,true
SYNTHETIC_EUR_USD,1m,2025-01-01T22:27:00+00:00,1.107754,1.107842,1.107650,1.107804,100,true
SYNTHETIC_EUR_USD,1m,2025-01-01T22:28:00+00:00,1.107804,1.107936,1.107754,1.107880,100,true
SYNTHETIC_EUR_USD,1m,2025-01-01T22:29:00+00:00,1.107880,1.107973,1.107711,1.107766,100,true
SYNTHETIC_EUR_USD,1m,2025-01-01T22:30:00+00:00,1.107766,1.107943,1.107703,1.107846,100,true
SYNTHETIC_EUR_USD,1m,2025-01-01T22:31:00+00:00,1.107846,1.107884,1.107469,1.107513,100,true
SYNTHETIC_EUR_USD,1m,2025-01-01T22:32:00+00:00,1.107513,1.107561,1.107300,1.107388,100,true
SYNTHETIC_EUR_USD,1m,2025-01-01T22:33:00+00:00,1.107388,1.107470,1.107035,1.107127,100,true
SYNTHETIC_EUR_USD,1m,2025-01-01T22:34:00+00:00,1.107127,1.107186,1.106566,1.106653,100,true
SYNTHETIC_EUR_USD,1m,2025-01-01T22:35:00+00:00,1.106653,1.106707,1.106414,1.106461,100,true
SYNTHETIC_EUR_USD,1m,2025-01-01T22:36:00+00:00,1.106461,1.106532,1.106217,1.106304,100,true
SYNTHETIC_EUR_USD,1m,2025-01-01T22:37:00+00:00,1.106304,1.106420,1.106057,1.106067,100,true
SYNTHETIC_EUR_USD,1m,2025-01-01T22:38:00+00:00,1.106067,1.106087,1.105769,1.105795,100,true
SYNTHETIC_EUR_USD,1m,2025-01-01T22:39:00+00:00,1.105795,1.105812,1.105689,1.105724,100,true
SYNTHETIC_EUR_USD,1m,2025-01-01T22:40:00+00:00,1.105724,1.105742,1.105485,1.105499,100,true
SYNTHETIC_EUR_USD,1m,2025-01-01T22:41:00+00:00,1.105499,1.105577,1.105028,1.105095,100,true
SYNTHETIC_EUR_USD,1m,2025-01-01T22:42:00+00:00,1.105095,1.105292,1.105019,1.105203,100,true
SYNTHETIC_EUR_USD,1m,2025-01-01T22:43:00+00:00,1.105203,1.105396,1.105145,1.105316,100,true
SYNTHETIC_EUR_USD,1m,2025-01-01T22:44:00+00:00,1.105316,1.105348,1.105088,1.105170,100,true
SYNTHETIC_EUR_USD,1m,2025-01-01T22:45:00+00:00,1.105170,1.105184,1.105081,1.105157,100,true
SYNTHETIC_EUR_USD,1m,2025-01-01T22:46:00+00:00,1.105157,1.105224,1.105008,1.105043,100,true
SYNTHETIC_EUR_USD,1m,2025-01-01T22:47:00+00:00,1.105043,1.105100,1.105033,1.105063,100,true
SYNTHETIC_EUR_USD,1m,2025-01-01T22:48:00+00:00,1.105063,1.105146,1.104944,1.105119,100,true
SYNTHETIC_EUR_USD,1m,2025-01-01T22:49:00+00:00,1.105119,1.105242,1.105045,1.105189,100,true
SYNTHETIC_EUR_USD,1m,2025-01-01T22:50:00+00:00,1.105189,1.105256,1.105056,1.105147,100,true
SYNTHETIC_EUR_USD,1m,2025-01-01T22:51:00+00:00,1.105147,1.105320,1.105046,1.105279,100,true
SYNTHETIC_EUR_USD,1m,2025-01-01T22:52:00+00:00,1.105279,1.105510,1.105231,1.105400,100,true
SYNTHETIC_EUR_USD,1m,2025-01-01T22:53:00+00:00,1.105400,1.105679,1.105368,1.105603,100,true
SYNTHETIC_EUR_USD,1m,2025-01-01T22:54:00+00:00,1.105603,1.105809,1.105529,1.105697,100,true
SYNTHETIC_EUR_USD,1m,2025-01-01T22:55:00+00:00,1.105697,1.105830,1.105679,1.105808,100,true
SYNTHETIC_EUR_USD,1m,2025-01-01T22:56:00+00:00,1.105808,1.106092,1.105694,1.106050,100,true
SYNTHETIC_EUR_USD,1m,2025-01-01T22:57:00+00:00,1.106050,1.106370,1.105950,1.106263,100,true
SYNTHETIC_EUR_USD,1m,2025-01-01T22:58:00+00:00,1.106263,1.106337,1.106001,1.106087,100,true
SYNTHETIC_EUR_USD,1m,2025-01-01T22:59:00+00:00,1.106087,1.106430,1.105994,1.106336,100,true
SYNTHETIC_EUR_USD,1m,2025-01-01T23:00:00+00:00,1.106336,1.106502,1.106275,1.106386,100,true
SYNTHETIC_EUR_USD,1m,2025-01-01T23:01:00+00:00,1.106386,1.106399,1.106275,1.106298,100,true
SYNTHETIC_EUR_USD,1m,2025-01-01T23:02:00+00:00,1.106298,1.106401,1.106218,1.106383,100,true
SYNTHETIC_EUR_USD,1m,2025-01-01T23:03:00+00:00,1.106383,1.106624,1.106339,1.106589,100,true
SYNTHETIC_EUR_USD,1m,2025-01-01T23:04:00+00:00,1.106589,1.106704,1.106517,1.106584,100,true
SYNTHETIC_EUR_USD,1m,2025-01-01T23:05:00+00:00,1.106584,1.106824,1.106563,1.106787,100,true
SYNTHETIC_EUR_USD,1m,2025-01-01T23:06:00+00:00,1.106787,1.106871,1.106652,1.106752,100,true
SYNTHETIC_EUR_USD,1m,2025-01-01T23:07:00+00:00,1.106752,1.106987,1.106703,1.106924,100,true
SYNTHETIC_EUR_USD,1m,2025-01-01T23:08:00+00:00,1.106924,1.107061,1.106885,1.106952,100,true
SYNTHETIC_EUR_USD,1m,2025-01-01T23:09:00+00:00,1.106952,1.107110,1.106887,1.107000,100,true
SYNTHETIC_EUR_USD,1m,2025-01-01T23:10:00+00:00,1.107000,1.107032,1.106702,1.106793,100,true
SYNTHETIC_EUR_USD,1m,2025-01-01T23:11:00+00:00,1.106793,1.106825,1.106643,1.106681,100,true
SYNTHETIC_EUR_USD,1m,2025-01-01T23:12:00+00:00,1.106681,1.106759,1.106407,1.106434,100,true
SYNTHETIC_EUR_USD,1m,2025-01-01T23:13:00+00:00,1.106434,1.106525,1.106351,1.106440,100,true
SYNTHETIC_EUR_USD,1m,2025-01-01T23:14:00+00:00,1.106440,1.106518,1.106295,1.106389,100,true
SYNTHETIC_EUR_USD,1m,2025-01-01T23:15:00+00:00,1.106389,1.106452,1.106048,1.106126,100,true
SYNTHETIC_EUR_USD,1m,2025-01-01T23:16:00+00:00,1.106126,1.106190,1.105762,1.105881,100,true
SYNTHETIC_EUR_USD,1m,2025-01-01T23:17:00+00:00,1.105881,1.105945,1.105716,1.105834,100,true
SYNTHETIC_EUR_USD,1m,2025-01-01T23:18:00+00:00,1.105834,1.105945,1.105408,1.105449,100,true
SYNTHETIC_EUR_USD,1m,2025-01-01T23:19:00+00:00,1.105449,1.105465,1.105143,1.105241,100,true
SYNTHETIC_EUR_USD,1m,2025-01-01T23:20:00+00:00,1.105241,1.105303,1.105098,1.105168,100,true
SYNTHETIC_EUR_USD,1m,2025-01-01T23:21:00+00:00,1.105168,1.105253,1.104801,1.104830,100,true
SYNTHETIC_EUR_USD,1m,2025-01-01T23:22:00+00:00,1.104830,1.104948,1.104539,1.104625,100,true
SYNTHETIC_EUR_USD,1m,2025-01-01T23:23:00+00:00,1.104625,1.104637,1.104228,1.104262,100,true
SYNTHETIC_EUR_USD,1m,2025-01-01T23:24:00+00:00,1.104262,1.104335,1.104095,1.104141,100,true
SYNTHETIC_EUR_USD,1m,2025-01-01T23:25:00+00:00,1.104141,1.104211,1.103889,1.103925,100,true
SYNTHETIC_EUR_USD,1m,2025-01-01T23:26:00+00:00,1.103925,1.103987,1.103666,1.103743,100,true
SYNTHETIC_EUR_USD,1m,2025-01-01T23:27:00+00:00,1.103743,1.103776,1.103466,1.103553,100,true
SYNTHETIC_EUR_USD,1m,2025-01-01T23:28:00+00:00,1.103553,1.103638,1.103449,1.103587,100,true
SYNTHETIC_EUR_USD,1m,2025-01-01T23:29:00+00:00,1.103587,1.103611,1.103454,1.103527,100,true
SYNTHETIC_EUR_USD,1m,2025-01-01T23:30:00+00:00,1.103527,1.103617,1.103506,1.103582,100,true
SYNTHETIC_EUR_USD,1m,2025-01-01T23:31:00+00:00,1.103582,1.103639,1.103523,1.103575,100,true
SYNTHETIC_EUR_USD,1m,2025-01-01T23:32:00+00:00,1.103575,1.103716,1.103460,1.103690,100,true
SYNTHETIC_EUR_USD,1m,2025-01-01T23:33:00+00:00,1.103690,1.103897,1.103625,1.103868,100,true
SYNTHETIC_EUR_USD,1m,2025-01-01T23:34:00+00:00,1.103868,1.104231,1.103764,1.104112,100,true
SYNTHETIC_EUR_USD,1m,2025-01-01T23:35:00+00:00,1.104112,1.104208,1.103963,1.104006,100,true
SYNTHETIC_EUR_USD,1m,2025-01-01T23:36:00+00:00,1.104006,1.104156,1.103934,1.104085,100,true
SYNTHETIC_EUR_USD,1m,2025-01-01T23:37:00+00:00,1.104085,1.104101,1.103947,1.104046,100,true
SYNTHETIC_EUR_USD,1m,2025-01-01T23:38:00+00:00,1.104046,1.104335,1.103967,1.104272,100,true
SYNTHETIC_EUR_USD,1m,2025-01-01T23:39:00+00:00,1.104272,1.104338,1.104200,1.104289,100,true
SYNTHETIC_EUR_USD,1m,2025-01-01T23:40:00+00:00,1.104289,1.104554,1.104250,1.104442,100,true
SYNTHETIC_EUR_USD,1m,2025-01-01T23:41:00+00:00,1.104442,1.104723,1.104326,1.104618,100,true
SYNTHETIC_EUR_USD,1m,2025-01-01T23:42:00+00:00,1.104618,1.104765,1.104544,1.104733,100,true
SYNTHETIC_EUR_USD,1m,2025-01-01T23:43:00+00:00,1.104733,1.104882,1.104684,1.104786,100,true
SYNTHETIC_EUR_USD,1m,2025-01-01T23:44:00+00:00,1.104786,1.104894,1.104723,1.104809,100,true
SYNTHETIC_EUR_USD,1m,2025-01-01T23:45:00+00:00,1.104809,1.104906,1.104768,1.104854,100,true
SYNTHETIC_EUR_USD,1m,2025-01-01T23:46:00+00:00,1.104854,1.104934,1.104623,1.104649,100,true
SYNTHETIC_EUR_USD,1m,2025-01-01T23:47:00+00:00,1.104649,1.104829,1.104570,1.104782,100,true
SYNTHETIC_EUR_USD,1m,2025-01-01T23:48:00+00:00,1.104782,1.105045,1.104679,1.104972,100,true
SYNTHETIC_EUR_USD,1m,2025-01-01T23:49:00+00:00,1.104972,1.105048,1.104927,1.105013,100,true
SYNTHETIC_EUR_USD,1m,2025-01-01T23:50:00+00:00,1.105013,1.105055,1.104955,1.104995,100,true
SYNTHETIC_EUR_USD,1m,2025-01-01T23:51:00+00:00,1.104995,1.105054,1.104756,1.104861,100,true
SYNTHETIC_EUR_USD,1m,2025-01-01T23:52:00+00:00,1.104861,1.104911,1.104611,1.104686,100,true
SYNTHETIC_EUR_USD,1m,2025-01-01T23:53:00+00:00,1.104686,1.104716,1.104670,1.104682,100,true
SYNTHETIC_EUR_USD,1m,2025-01-01T23:54:00+00:00,1.104682,1.104772,1.104425,1.104508,100,true
SYNTHETIC_EUR_USD,1m,2025-01-01T23:55:00+00:00,1.104508,1.104531,1.104479,1.104512,100,true
SYNTHETIC_EUR_USD,1m,2025-01-01T23:56:00+00:00,1.104512,1.104533,1.104238,1.104255,100,true
SYNTHETIC_EUR_USD,1m,2025-01-01T23:57:00+00:00,1.104255,1.104268,1.104105,1.104159,100,true
SYNTHETIC_EUR_USD,1m,2025-01-01T23:58:00+00:00,1.104159,1.104253,1.103816,1.103836,100,true
SYNTHETIC_EUR_USD,1m,2025-01-01T23:59:00+00:00,1.103836,1.103918,1.103493,1.103601,100,true
SYNTHETIC_EUR_USD,1m,2025-01-02T00:00:00+00:00,1.103601,1.103645,1.103397,1.103434,100,true
SYNTHETIC_EUR_USD,1m,2025-01-02T00:01:00+00:00,1.103434,1.103458,1.103056,1.103158,100,true
SYNTHETIC_EUR_USD,1m,2025-01-02T00:02:00+00:00,1.103158,1.103172,1.103001,1.103084,100,true
SYNTHETIC_EUR_USD,1m,2025-01-02T00:03:00+00:00,1.103084,1.103146,1.102799,1.102916,100,true
SYNTHETIC_EUR_USD,1m,2025-01-02T00:04:00+00:00,1.102916,1.102986,1.102567,1.102606,100,true
SYNTHETIC_EUR_USD,1m,2025-01-02T00:05:00+00:00,1.102606,1.102693,1.102062,1.102091,100,true
SYNTHETIC_EUR_USD,1m,2025-01-02T00:06:00+00:00,1.102091,1.102167,1.101917,1.101996,100,true
SYNTHETIC_EUR_USD,1m,2025-01-02T00:07:00+00:00,1.101996,1.102064,1.101628,1.101709,100,true
SYNTHETIC_EUR_USD,1m,2025-01-02T00:08:00+00:00,1.101709,1.101753,1.101378,1.101426,100,true
SYNTHETIC_EUR_USD,1m,2025-01-02T00:09:00+00:00,1.101426,1.101485,1.101021,1.101071,100,true
SYNTHETIC_EUR_USD,1m,2025-01-02T00:10:00+00:00,1.101071,1.101110,1.100854,1.100897,100,true
SYNTHETIC_EUR_USD,1m,2025-01-02T00:11:00+00:00,1.100897,1.101125,1.100849,1.101021,100,true
SYNTHETIC_EUR_USD,1m,2025-01-02T00:12:00+00:00,1.101021,1.101083,1.100940,1.100951,100,true
SYNTHETIC_EUR_USD,1m,2025-01-02T00:13:00+00:00,1.100951,1.101225,1.100940,1.101163,100,true
SYNTHETIC_EUR_USD,1m,2025-01-02T00:14:00+00:00,1.101163,1.101220,1.100964,1.101006,100,true
SYNTHETIC_EUR_USD,1m,2025-01-02T00:15:00+00:00,1.101006,1.101064,1.100951,1.101013,100,true
SYNTHETIC_EUR_USD,1m,2025-01-02T00:16:00+00:00,1.101013,1.101127,1.100959,1.101055,100,true
SYNTHETIC_EUR_USD,1m,2025-01-02T00:17:00+00:00,1.101055,1.101260,1.101004,1.101207,100,true
SYNTHETIC_EUR_USD,1m,2025-01-02T00:18:00+00:00,1.101207,1.101482,1.101150,1.101443,100,true
SYNTHETIC_EUR_USD,1m,2025-01-02T00:19:00+00:00,1.101443,1.101652,1.101344,1.101542,100,true
SYNTHETIC_EUR_USD,1m,2025-01-02T00:20:00+00:00,1.101542,1.101930,1.101501,1.101845,100,true
SYNTHETIC_EUR_USD,1m,2025-01-02T00:21:00+00:00,1.101845,1.102000,1.101741,1.101945,100,true
SYNTHETIC_EUR_USD,1m,2025-01-02T00:22:00+00:00,1.101945,1.101975,1.101801,1.101843,100,true
SYNTHETIC_EUR_USD,1m,2025-01-02T00:23:00+00:00,1.101843,1.101894,1.101764,1.101854,100,true
SYNTHETIC_EUR_USD,1m,2025-01-02T00:24:00+00:00,1.101854,1.101885,1.101835,1.101847,100,true
SYNTHETIC_EUR_USD,1m,2025-01-02T00:25:00+00:00,1.101847,1.102134,1.101826,1.102104,100,true
SYNTHETIC_EUR_USD,1m,2025-01-02T00:26:00+00:00,1.102104,1.102297,1.102015,1.102257,100,true
SYNTHETIC_EUR_USD,1m,2025-01-02T00:27:00+00:00,1.102257,1.102368,1.102193,1.102342,100,true
SYNTHETIC_EUR_USD,1m,2025-01-02T00:28:00+00:00,1.102342,1.102389,1.102294,1.102338,100,true
SYNTHETIC_EUR_USD,1m,2025-01-02T00:29:00+00:00,1.102338,1.102594,1.102241,1.102533,100,true
SYNTHETIC_EUR_USD,1m,2025-01-02T00:30:00+00:00,1.102533,1.102579,1.102074,1.102176,100,true
SYNTHETIC_EUR_USD,1m,2025-01-02T00:31:00+00:00,1.102176,1.102335,1.102159,1.102240,100,true
SYNTHETIC_EUR_USD,1m,2025-01-02T00:32:00+00:00,1.102240,1.102301,1.102197,1.102228,100,true
SYNTHETIC_EUR_USD,1m,2025-01-02T00:33:00+00:00,1.102228,1.102425,1.102205,1.102324,100,true
SYNTHETIC_EUR_USD,1m,2025-01-02T00:34:00+00:00,1.102324,1.102419,1.102052,1.102089,100,true
SYNTHETIC_EUR_USD,1m,2025-01-02T00:35:00+00:00,1.102089,1.102180,1.102017,1.102031,100,true
SYNTHETIC_EUR_USD,1m,2025-01-02T00:36:00+00:00,1.102031,1.102092,1.101707,1.101802,100,true
SYNTHETIC_EUR_USD,1m,2025-01-02T00:37:00+00:00,1.101802,1.101864,1.101254,1.101339,100,true
SYNTHETIC_EUR_USD,1m,2025-01-02T00:38:00+00:00,1.101339,1.101384,1.101100,1.101146,100,true
SYNTHETIC_EUR_USD,1m,2025-01-02T00:39:00+00:00,1.101146,1.101259,1.100884,1.100952,100,true
SYNTHETIC_EUR_USD,1m,2025-01-02T00:40:00+00:00,1.100952,1.100990,1.100657,1.100737,100,true
SYNTHETIC_EUR_USD,1m,2025-01-02T00:41:00+00:00,1.100737,1.100842,1.100577,1.100611,100,true
SYNTHETIC_EUR_USD,1m,2025-01-02T00:42:00+00:00,1.100611,1.100652,1.100531,1.100630,100,true
SYNTHETIC_EUR_USD,1m,2025-01-02T00:43:00+00:00,1.100630,1.100670,1.100344,1.100368,100,true
SYNTHETIC_EUR_USD,1m,2025-01-02T00:44:00+00:00,1.100368,1.100464,1.100185,1.100196,100,true
SYNTHETIC_EUR_USD,1m,2025-01-02T00:45:00+00:00,1.100196,1.100258,1.100083,1.100159,100,true
SYNTHETIC_EUR_USD,1m,2025-01-02T00:46:00+00:00,1.100159,1.100210,1.099954,1.099974,100,true
SYNTHETIC_EUR_USD,1m,2025-01-02T00:47:00+00:00,1.099974,1.100052,1.099655,1.099768,100,true
SYNTHETIC_EUR_USD,1m,2025-01-02T00:48:00+00:00,1.099768,1.099887,1.099505,1.099584,100,true
SYNTHETIC_EUR_USD,1m,2025-01-02T00:49:00+00:00,1.099584,1.099671,1.099431,1.099528,100,true
SYNTHETIC_EUR_USD,1m,2025-01-02T00:50:00+00:00,1.099528,1.099552,1.099353,1.099389,100,true
SYNTHETIC_EUR_USD,1m,2025-01-02T00:51:00+00:00,1.099389,1.099507,1.099290,1.099413,100,true
SYNTHETIC_EUR_USD,1m,2025-01-02T00:52:00+00:00,1.099413,1.099472,1.099192,1.099223,100,true
SYNTHETIC_EUR_USD,1m,2025-01-02T00:53:00+00:00,1.099223,1.099248,1.098928,1.099037,100,true
SYNTHETIC_EUR_USD,1m,2025-01-02T00:54:00+00:00,1.099037,1.099100,1.098754,1.098812,100,true
SYNTHETIC_EUR_USD,1m,2025-01-02T00:55:00+00:00,1.098812,1.098843,1.098634,1.098665,100,true
SYNTHETIC_EUR_USD,1m,2025-01-02T00:56:00+00:00,1.098665,1.098821,1.098574,1.098773,100,true
SYNTHETIC_EUR_USD,1m,2025-01-02T00:57:00+00:00,1.098773,1.098883,1.098621,1.098692,100,true
SYNTHETIC_EUR_USD,1m,2025-01-02T00:58:00+00:00,1.098692,1.098914,1.098665,1.098897,100,true
SYNTHETIC_EUR_USD,1m,2025-01-02T00:59:00+00:00,1.098897,1.098947,1.098865,1.098875,100,true
SYNTHETIC_EUR_USD,1m,2025-01-02T01:00:00+00:00,1.098875,1.099074,1.098824,1.098994,100,true
SYNTHETIC_EUR_USD,1m,2025-01-02T01:01:00+00:00,1.098994,1.099217,1.098899,1.099113,100,true
SYNTHETIC_EUR_USD,1m,2025-01-02T01:02:00+00:00,1.099113,1.099300,1.099024,1.099264,100,true
SYNTHETIC_EUR_USD,1m,2025-01-02T01:03:00+00:00,1.099264,1.099381,1.099196,1.099328,100,true
SYNTHETIC_EUR_USD,1m,2025-01-02T01:04:00+00:00,1.099328,1.099427,1.099257,1.099362,100,true
SYNTHETIC_EUR_USD,1m,2025-01-02T01:05:00+00:00,1.099362,1.099532,1.099340,1.099451,100,true
SYNTHETIC_EUR_USD,1m,2025-01-02T01:06:00+00:00,1.099451,1.099626,1.099434,1.099559,100,true
SYNTHETIC_EUR_USD,1m,2025-01-02T01:07:00+00:00,1.099559,1.099877,1.099527,1.099771,100,true
SYNTHETIC_EUR_USD,1m,2025-01-02T01:08:00+00:00,1.099771,1.099959,1.099750,1.099896,100,true
SYNTHETIC_EUR_USD,1m,2025-01-02T01:09:00+00:00,1.099896,1.099978,1.099797,1.099865,100,true
SYNTHETIC_EUR_USD,1m,2025-01-02T01:10:00+00:00,1.099865,1.100021,1.099827,1.099934,100,true
SYNTHETIC_EUR_USD,1m,2025-01-02T01:11:00+00:00,1.099934,1.099999,1.099822,1.099981,100,true
SYNTHETIC_EUR_USD,1m,2025-01-02T01:12:00+00:00,1.099981,1.100279,1.099917,1.100246,100,true
SYNTHETIC_EUR_USD,1m,2025-01-02T01:13:00+00:00,1.100246,1.100507,1.100229,1.100409,100,true
SYNTHETIC_EUR_USD,1m,2025-01-02T01:14:00+00:00,1.100409,1.100554,1.100296,1.100483,100,true
SYNTHETIC_EUR_USD,1m,2025-01-02T01:15:00+00:00,1.100483,1.100571,1.100367,1.100467,100,true
SYNTHETIC_EUR_USD,1m,2025-01-02T01:16:00+00:00,1.100467,1.100625,1.100453,1.100586,100,true
SYNTHETIC_EUR_USD,1m,2025-01-02T01:17:00+00:00,1.100586,1.100827,1.100470,1.100713,100,true
SYNTHETIC_EUR_USD,1m,2025-01-02T01:18:00+00:00,1.100713,1.100788,1.100624,1.100767,100,true
SYNTHETIC_EUR_USD,1m,2025-01-02T01:19:00+00:00,1.100767,1.100835,1.100638,1.100675,100,true
SYNTHETIC_EUR_USD,1m,2025-01-02T01:20:00+00:00,1.100675,1.100754,1.100589,1.100619,100,true
SYNTHETIC_EUR_USD,1m,2025-01-02T01:21:00+00:00,1.100619,1.100640,1.100472,1.100553,100,true
SYNTHETIC_EUR_USD,1m,2025-01-02T01:22:00+00:00,1.100553,1.100602,1.100279,1.100340,100,true
SYNTHETIC_EUR_USD,1m,2025-01-02T01:23:00+00:00,1.100340,1.100368,1.100073,1.100103,100,true
SYNTHETIC_EUR_USD,1m,2025-01-02T01:24:00+00:00,1.100103,1.100157,1.099713,1.099760,100,true
SYNTHETIC_EUR_USD,1m,2025-01-02T01:25:00+00:00,1.099760,1.099908,1.099711,1.099849,100,true
SYNTHETIC_EUR_USD,1m,2025-01-02T01:26:00+00:00,1.099849,1.100096,1.099730,1.100051,100,true
SYNTHETIC_EUR_USD,1m,2025-01-02T01:27:00+00:00,1.100051,1.100145,1.099772,1.099829,100,true
SYNTHETIC_EUR_USD,1m,2025-01-02T01:28:00+00:00,1.099829,1.099919,1.099679,1.099756,100,true
SYNTHETIC_EUR_USD,1m,2025-01-02T01:29:00+00:00,1.099756,1.099850,1.099388,1.099500,100,true
SYNTHETIC_EUR_USD,1m,2025-01-02T01:30:00+00:00,1.099500,1.099538,1.099172,1.099288,100,true
SYNTHETIC_EUR_USD,1m,2025-01-02T01:31:00+00:00,1.099288,1.099378,1.098881,1.098999,100,true
SYNTHETIC_EUR_USD,1m,2025-01-02T01:32:00+00:00,1.098999,1.099074,1.098803,1.098870,100,true
SYNTHETIC_EUR_USD,1m,2025-01-02T01:33:00+00:00,1.098870,1.098913,1.098781,1.098815,100,true
SYNTHETIC_EUR_USD,1m,2025-01-02T01:34:00+00:00,1.098815,1.098919,1.098656,1.098669,100,true
SYNTHETIC_EUR_USD,1m,2025-01-02T01:35:00+00:00,1.098669,1.098709,1.098553,1.098624,100,true
SYNTHETIC_EUR_USD,1m,2025-01-02T01:36:00+00:00,1.098624,1.098695,1.098241,1.098353,100,true
SYNTHETIC_EUR_USD,1m,2025-01-02T01:37:00+00:00,1.098353,1.098402,1.098263,1.098288,100,true
SYNTHETIC_EUR_USD,1m,2025-01-02T01:38:00+00:00,1.098288,1.098339,1.098182,1.098256,100,true
SYNTHETIC_EUR_USD,1m,2025-01-02T01:39:00+00:00,1.098256,1.098276,1.098190,1.098244,100,true
SYNTHETIC_EUR_USD,1m,2025-01-02T01:40:00+00:00,1.098244,1.098563,1.098153,1.098452,100,true
SYNTHETIC_EUR_USD,1m,2025-01-02T01:41:00+00:00,1.098452,1.098481,1.098332,1.098433,100,true
SYNTHETIC_EUR_USD,1m,2025-01-02T01:42:00+00:00,1.098433,1.098519,1.098191,1.098264,100,true
SYNTHETIC_EUR_USD,1m,2025-01-02T01:43:00+00:00,1.098264,1.098508,1.098174,1.098465,100,true
SYNTHETIC_EUR_USD,1m,2025-01-02T01:44:00+00:00,1.098465,1.098539,1.098446,1.098465,100,true
SYNTHETIC_EUR_USD,1m,2025-01-02T01:45:00+00:00,1.098465,1.098817,1.098365,1.098769,100,true
SYNTHETIC_EUR_USD,1m,2025-01-02T01:46:00+00:00,1.098769,1.099025,1.098664,1.098969,100,true
SYNTHETIC_EUR_USD,1m,2025-01-02T01:47:00+00:00,1.098969,1.099256,1.098893,1.099174,100,true
SYNTHETIC_EUR_USD,1m,2025-01-02T01:48:00+00:00,1.099174,1.099282,1.099079,1.099271,100,true
SYNTHETIC_EUR_USD,1m,2025-01-02T01:49:00+00:00,1.099271,1.099380,1.099202,1.099365,100,true
SYNTHETIC_EUR_USD,1m,2025-01-02T01:50:00+00:00,1.099365,1.099637,1.099300,1.099610,100,true
SYNTHETIC_EUR_USD,1m,2025-01-02T01:51:00+00:00,1.099610,1.099888,1.099557,1.099797,100,true
SYNTHETIC_EUR_USD,1m,2025-01-02T01:52:00+00:00,1.099797,1.100073,1.099722,1.100014,100,true
SYNTHETIC_EUR_USD,1m,2025-01-02T01:53:00+00:00,1.100014,1.100146,1.099961,1.100105,100,true
SYNTHETIC_EUR_USD,1m,2025-01-02T01:54:00+00:00,1.100105,1.100294,1.100086,1.100270,100,true
SYNTHETIC_EUR_USD,1m,2025-01-02T01:55:00+00:00,1.100270,1.100446,1.100250,1.100392,100,true
SYNTHETIC_EUR_USD,1m,2025-01-02T01:56:00+00:00,1.100392,1.100582,1.100296,1.100517,100,true
SYNTHETIC_EUR_USD,1m,2025-01-02T01:57:00+00:00,1.100517,1.100758,1.100454,1.100686,100,true
SYNTHETIC_EUR_USD,1m,2025-01-02T01:58:00+00:00,1.100686,1.100920,1.100655,1.100839,100,true
SYNTHETIC_EUR_USD,1m,2025-01-02T01:59:00+00:00,1.100839,1.100876,1.100758,1.100776,100,true
SYNTHETIC_EUR_USD,1m,2025-01-02T02:00:00+00:00,1.100776,1.100872,1.100660,1.100706,100,true
SYNTHETIC_EUR_USD,1m,2025-01-02T02:01:00+00:00,1.100706,1.100871,1.100649,1.100787,100,true
SYNTHETIC_EUR_USD,1m,2025-01-02T02:02:00+00:00,1.100787,1.100835,1.100727,1.100772,100,true
SYNTHETIC_EUR_USD,1m,2025-01-02T02:03:00+00:00,1.100772,1.100816,1.100616,1.100734,100,true
SYNTHETIC_EUR_USD,1m,2025-01-02T02:04:00+00:00,1.100734,1.100812,1.100559,1.100678,100,true
SYNTHETIC_EUR_USD,1m,2025-01-02T02:05:00+00:00,1.100678,1.100693,1.100449,1.100549,100,true
SYNTHETIC_EUR_USD,1m,2025-01-02T02:06:00+00:00,1.100549,1.100581,1.100433,1.100484,100,true
SYNTHETIC_EUR_USD,1m,2025-01-02T02:07:00+00:00,1.100484,1.100506,1.100369,1.100385,100,true
SYNTHETIC_EUR_USD,1m,2025-01-02T02:08:00+00:00,1.100385,1.100499,1.099908,1.100020,100,true
SYNTHETIC_EUR_USD,1m,2025-01-02T02:09:00+00:00,1.100020,1.100037,1.099934,1.100025,100,true
SYNTHETIC_EUR_USD,1m,2025-01-02T02:10:00+00:00,1.100025,1.100047,1.099643,1.099702,100,true
SYNTHETIC_EUR_USD,1m,2025-01-02T02:11:00+00:00,1.099702,1.099772,1.099581,1.099614,100,true
SYNTHETIC_EUR_USD,1m,2025-01-02T02:12:00+00:00,1.099614,1.099681,1.099411,1.099449,100,true
SYNTHETIC_EUR_USD,1m,2025-01-02T02:13:00+00:00,1.099449,1.099475,1.098989,1.099076,100,true
SYNTHETIC_EUR_USD,1m,2025-01-02T02:14:00+00:00,1.099076,1.099088,1.098843,1.098918,100,true
SYNTHETIC_EUR_USD,1m,2025-01-02T02:15:00+00:00,1.098918,1.098946,1.098683,1.098724,100,true
SYNTHETIC_EUR_USD,1m,2025-01-02T02:16:00+00:00,1.098724,1.098821,1.098448,1.098526,100,true
SYNTHETIC_EUR_USD,1m,2025-01-02T02:17:00+00:00,1.098526,1.098546,1.098473,1.098535,100,true
SYNTHETIC_EUR_USD,1m,2025-01-02T02:18:00+00:00,1.098535,1.098575,1.098347,1.098450,100,true
SYNTHETIC_EUR_USD,1m,2025-01-02T02:19:00+00:00,1.098450,1.098462,1.098092,1.098197,100,true
SYNTHETIC_EUR_USD,1m,2025-01-02T02:20:00+00:00,1.098197,1.098279,1.097854,1.097889,100,true
SYNTHETIC_EUR_USD,1m,2025-01-02T02:21:00+00:00,1.097889,1.097910,1.097521,1.097566,100,true
SYNTHETIC_EUR_USD,1m,2025-01-02T02:22:00+00:00,1.097566,1.097835,1.097497,1.097730,100,true
SYNTHETIC_EUR_USD,1m,2025-01-02T02:23:00+00:00,1.097730,1.097811,1.097618,1.097750,100,true
SYNTHETIC_EUR_USD,1m,2025-01-02T02:24:00+00:00,1.097750,1.097884,1.097713,1.097871,100,true
SYNTHETIC_EUR_USD,1m,2025-01-02T02:25:00+00:00,1.097871,1.097924,1.097754,1.097781,100,true
SYNTHETIC_EUR_USD,1m,2025-01-02T02:26:00+00:00,1.097781,1.097851,1.097733,1.097803,100,true
SYNTHETIC_EUR_USD,1m,2025-01-02T02:27:00+00:00,1.097803,1.097925,1.097738,1.097807,100,true
SYNTHETIC_EUR_USD,1m,2025-01-02T02:28:00+00:00,1.097807,1.097933,1.097728,1.097834,100,true
SYNTHETIC_EUR_USD,1m,2025-01-02T02:29:00+00:00,1.097834,1.098227,1.097821,1.098127,100,true
SYNTHETIC_EUR_USD,1m,2025-01-02T02:30:00+00:00,1.098127,1.098198,1.098042,1.098083,100,true
SYNTHETIC_EUR_USD,1m,2025-01-02T02:31:00+00:00,1.098083,1.098460,1.098063,1.098377,100,true
SYNTHETIC_EUR_USD,1m,2025-01-02T02:32:00+00:00,1.098377,1.098798,1.098262,1.098746,100,true
SYNTHETIC_EUR_USD,1m,2025-01-02T02:33:00+00:00,1.098746,1.098823,1.098709,1.098788,100,true
SYNTHETIC_EUR_USD,1m,2025-01-02T02:34:00+00:00,1.098788,1.098882,1.098671,1.098855,100,true
SYNTHETIC_EUR_USD,1m,2025-01-02T02:35:00+00:00,1.098855,1.099195,1.098822,1.099125,100,true
SYNTHETIC_EUR_USD,1m,2025-01-02T02:36:00+00:00,1.099125,1.099272,1.099056,1.099247,100,true
SYNTHETIC_EUR_USD,1m,2025-01-02T02:37:00+00:00,1.099247,1.099540,1.099159,1.099496,100,true
SYNTHETIC_EUR_USD,1m,2025-01-02T02:38:00+00:00,1.099496,1.099564,1.099411,1.099436,100,true
SYNTHETIC_EUR_USD,1m,2025-01-02T02:39:00+00:00,1.099436,1.099945,1.099323,1.099919,100,true
SYNTHETIC_EUR_USD,1m,2025-01-02T02:40:00+00:00,1.099919,1.100163,1.099874,1.100052,100,true
SYNTHETIC_EUR_USD,1m,2025-01-02T02:41:00+00:00,1.100052,1.100075,1.099859,1.099903,100,true
SYNTHETIC_EUR_USD,1m,2025-01-02T02:42:00+00:00,1.099903,1.100012,1.099813,1.099905,100,true
SYNTHETIC_EUR_USD,1m,2025-01-02T02:43:00+00:00,1.099905,1.100068,1.099850,1.100012,100,true
SYNTHETIC_EUR_USD,1m,2025-01-02T02:44:00+00:00,1.100012,1.100071,1.099713,1.099826,100,true
SYNTHETIC_EUR_USD,1m,2025-01-02T02:45:00+00:00,1.099826,1.100120,1.099730,1.100080,100,true
SYNTHETIC_EUR_USD,1m,2025-01-02T02:46:00+00:00,1.100080,1.100102,1.099886,1.099917,100,true
SYNTHETIC_EUR_USD,1m,2025-01-02T02:47:00+00:00,1.099917,1.099956,1.099841,1.099913,100,true
SYNTHETIC_EUR_USD,1m,2025-01-02T02:48:00+00:00,1.099913,1.099948,1.099671,1.099706,100,true
SYNTHETIC_EUR_USD,1m,2025-01-02T02:49:00+00:00,1.099706,1.099792,1.099534,1.099596,100,true
SYNTHETIC_EUR_USD,1m,2025-01-02T02:50:00+00:00,1.099596,1.099662,1.099326,1.099402,100,true
SYNTHETIC_EUR_USD,1m,2025-01-02T02:51:00+00:00,1.099402,1.099506,1.099200,1.099264,100,true
SYNTHETIC_EUR_USD,1m,2025-01-02T02:52:00+00:00,1.099264,1.099289,1.098990,1.099021,100,true
SYNTHETIC_EUR_USD,1m,2025-01-02T02:53:00+00:00,1.099021,1.099086,1.098982,1.099075,100,true
SYNTHETIC_EUR_USD,1m,2025-01-02T02:54:00+00:00,1.099075,1.099130,1.098864,1.098956,100,true
SYNTHETIC_EUR_USD,1m,2025-01-02T02:55:00+00:00,1.098956,1.099005,1.098844,1.098988,100,true
SYNTHETIC_EUR_USD,1m,2025-01-02T02:56:00+00:00,1.098988,1.099106,1.098691,1.098796,100,true
SYNTHETIC_EUR_USD,1m,2025-01-02T02:57:00+00:00,1.098796,1.098856,1.098473,1.098510,100,true
SYNTHETIC_EUR_USD,1m,2025-01-02T02:58:00+00:00,1.098510,1.098565,1.098323,1.098338,100,true
SYNTHETIC_EUR_USD,1m,2025-01-02T02:59:00+00:00,1.098338,1.098382,1.098074,1.098152,100,true
SYNTHETIC_EUR_USD,1m,2025-01-02T03:00:00+00:00,1.098152,1.098243,1.097792,1.097868,100,true
SYNTHETIC_EUR_USD,1m,2025-01-02T03:01:00+00:00,1.097868,1.097964,1.097402,1.097469,100,true
SYNTHETIC_EUR_USD,1m,2025-01-02T03:02:00+00:00,1.097469,1.097529,1.097188,1.097289,100,true
SYNTHETIC_EUR_USD,1m,2025-01-02T03:03:00+00:00,1.097289,1.097615,1.097236,1.097548,100,true
SYNTHETIC_EUR_USD,1m,2025-01-02T03:04:00+00:00,1.097548,1.097639,1.097477,1.097548,100,true
SYNTHETIC_EUR_USD,1m,2025-01-02T03:05:00+00:00,1.097548,1.097563,1.097255,1.097297,100,true
SYNTHETIC_EUR_USD,1m,2025-01-02T03:06:00+00:00,1.097297,1.097350,1.097177,1.097220,100,true
SYNTHETIC_EUR_USD,1m,2025-01-02T03:07:00+00:00,1.097220,1.097305,1.097143,1.097248,100,true
SYNTHETIC_EUR_USD,1m,2025-01-02T03:08:00+00:00,1.097248,1.097264,1.097055,1.097122,100,true
SYNTHETIC_EUR_USD,1m,2025-01-02T03:09:00+00:00,1.097122,1.097340,1.097032,1.097280,100,true
SYNTHETIC_EUR_USD,1m,2025-01-02T03:10:00+00:00,1.097280,1.097521,1.097184,1.097498,100,true
SYNTHETIC_EUR_USD,1m,2025-01-02T03:11:00+00:00,1.097498,1.097761,1.097443,1.097736,100,true
SYNTHETIC_EUR_USD,1m,2025-01-02T03:12:00+00:00,1.097736,1.097815,1.097706,1.097755,100,true
SYNTHETIC_EUR_USD,1m,2025-01-02T03:13:00+00:00,1.097755,1.097788,1.097647,1.097707,100,true
SYNTHETIC_EUR_USD,1m,2025-01-02T03:14:00+00:00,1.097707,1.097772,1.097621,1.097735,100,true
SYNTHETIC_EUR_USD,1m,2025-01-02T03:15:00+00:00,1.097735,1.098149,1.097711,1.098060,100,true
SYNTHETIC_EUR_USD,1m,2025-01-02T03:16:00+00:00,1.098060,1.098125,1.098001,1.098102,100,true
SYNTHETIC_EUR_USD,1m,2025-01-02T03:17:00+00:00,1.098102,1.098229,1.098005,1.098177,100,true
SYNTHETIC_EUR_USD,1m,2025-01-02T03:18:00+00:00,1.098177,1.098531,1.098062,1.098464,100,true
SYNTHETIC_EUR_USD,1m,2025-01-02T03:19:00+00:00,1.098464,1.098654,1.098354,1.098559,100,true
SYNTHETIC_EUR_USD,1m,2025-01-02T03:20:00+00:00,1.098559,1.098892,1.098477,1.098820,100,true
SYNTHETIC_EUR_USD,1m,2025-01-02T03:21:00+00:00,1.098820,1.099166,1.098731,1.099137,100,true
SYNTHETIC_EUR_USD,1m,2025-01-02T03:22:00+00:00,1.099137,1.099556,1.099093,1.099500,100,true
SYNTHETIC_EUR_USD,1m,2025-01-02T03:23:00+00:00,1.099500,1.099750,1.099477,1.099671,100,true
SYNTHETIC_EUR_USD,1m,2025-01-02T03:24:00+00:00,1.099671,1.099707,1.099638,1.099683,100,true
SYNTHETIC_EUR_USD,1m,2025-01-02T03:25:00+00:00,1.099683,1.099802,1.099579,1.099741,100,true
SYNTHETIC_EUR_USD,1m,2025-01-02T03:26:00+00:00,1.099741,1.099852,1.099731,1.099782,100,true
SYNTHETIC_EUR_USD,1m,2025-01-02T03:27:00+00:00,1.099782,1.100005,1.099720,1.099930,100,true
SYNTHETIC_EUR_USD,1m,2025-01-02T03:28:00+00:00,1.099930,1.099985,1.099911,1.099929,100,true
SYNTHETIC_EUR_USD,1m,2025-01-02T03:29:00+00:00,1.099929,1.100000,1.099813,1.099891,100,true
SYNTHETIC_EUR_USD,1m,2025-01-02T03:30:00+00:00,1.099891,1.099962,1.099746,1.099847,100,true
SYNTHETIC_EUR_USD,1m,2025-01-02T03:31:00+00:00,1.099847,1.099976,1.099833,1.099894,100,true
SYNTHETIC_EUR_USD,1m,2025-01-02T03:32:00+00:00,1.099894,1.099998,1.099789,1.099873,100,true
SYNTHETIC_EUR_USD,1m,2025-01-02T03:33:00+00:00,1.099873,1.099984,1.099843,1.099859,100,true
SYNTHETIC_EUR_USD,1m,2025-01-02T03:34:00+00:00,1.099859,1.099915,1.099653,1.099683,100,true
SYNTHETIC_EUR_USD,1m,2025-01-02T03:35:00+00:00,1.099683,1.099769,1.099419,1.099494,100,true
SYNTHETIC_EUR_USD,1m,2025-01-02T03:36:00+00:00,1.099494,1.099591,1.099189,1.099218,100,true
SYNTHETIC_EUR_USD,1m,2025-01-02T03:37:00+00:00,1.099218,1.099331,1.098900,1.098920,100,true
SYNTHETIC_EUR_USD,1m,2025-01-02T03:38:00+00:00,1.098920,1.098963,1.098753,1.098804,100,true
SYNTHETIC_EUR_USD,1m,2025-01-02T03:39:00+00:00,1.098804,1.098861,1.098530,1.098601,100,true
SYNTHETIC_EUR_USD,1m,2025-01-02T03:40:00+00:00,1.098601,1.098643,1.098430,1.098455,100,true
SYNTHETIC_EUR_USD,1m,2025-01-02T03:41:00+00:00,1.098455,1.098523,1.098175,1.098243,100,true
SYNTHETIC_EUR_USD,1m,2025-01-02T03:42:00+00:00,1.098243,1.098329,1.097896,1.097973,100,true
SYNTHETIC_EUR_USD,1m,2025-01-02T03:43:00+00:00,1.097973,1.098052,1.097830,1.097948,100,true
SYNTHETIC_EUR_USD,1m,2025-01-02T03:44:00+00:00,1.097948,1.098012,1.097819,1.097904,100,true
SYNTHETIC_EUR_USD,1m,2025-01-02T03:45:00+00:00,1.097904,1.098112,1.097827,1.098070,100,true
SYNTHETIC_EUR_USD,1m,2025-01-02T03:46:00+00:00,1.098070,1.098115,1.097719,1.097787,100,true
SYNTHETIC_EUR_USD,1m,2025-01-02T03:47:00+00:00,1.097787,1.097811,1.097703,1.097775,100,true
SYNTHETIC_EUR_USD,1m,2025-01-02T03:48:00+00:00,1.097775,1.097842,1.097587,1.097667,100,true
SYNTHETIC_EUR_USD,1m,2025-01-02T03:49:00+00:00,1.097667,1.097744,1.097421,1.097509,100,true
SYNTHETIC_EUR_USD,1m,2025-01-02T03:50:00+00:00,1.097509,1.097627,1.097444,1.097454,100,true
SYNTHETIC_EUR_USD,1m,2025-01-02T03:51:00+00:00,1.097454,1.097609,1.097351,1.097586,100,true
SYNTHETIC_EUR_USD,1m,2025-01-02T03:52:00+00:00,1.097586,1.097701,1.097466,1.097603,100,true
SYNTHETIC_EUR_USD,1m,2025-01-02T03:53:00+00:00,1.097603,1.097675,1.097447,1.097528,100,true
SYNTHETIC_EUR_USD,1m,2025-01-02T03:54:00+00:00,1.097528,1.097637,1.097495,1.097626,100,true
SYNTHETIC_EUR_USD,1m,2025-01-02T03:55:00+00:00,1.097626,1.097695,1.097560,1.097651,100,true
SYNTHETIC_EUR_USD,1m,2025-01-02T03:56:00+00:00,1.097651,1.097995,1.097640,1.097949,100,true
SYNTHETIC_EUR_USD,1m,2025-01-02T03:57:00+00:00,1.097949,1.098107,1.097871,1.098017,100,true
SYNTHETIC_EUR_USD,1m,2025-01-02T03:58:00+00:00,1.098017,1.098060,1.097988,1.098047,100,true
SYNTHETIC_EUR_USD,1m,2025-01-02T03:59:00+00:00,1.098047,1.098225,1.097936,1.098141,100,true
SYNTHETIC_EUR_USD,1m,2025-01-02T04:00:00+00:00,1.098141,1.098494,1.098060,1.098396,100,true
SYNTHETIC_EUR_USD,1m,2025-01-02T04:01:00+00:00,1.098396,1.098507,1.098327,1.098399,100,true
SYNTHETIC_EUR_USD,1m,2025-01-02T04:02:00+00:00,1.098399,1.098642,1.098303,1.098595,100,true
SYNTHETIC_EUR_USD,1m,2025-01-02T04:03:00+00:00,1.098595,1.098708,1.098553,1.098606,100,true
SYNTHETIC_EUR_USD,1m,2025-01-02T04:04:00+00:00,1.098606,1.098976,1.098561,1.098887,100,true
SYNTHETIC_EUR_USD,1m,2025-01-02T04:05:00+00:00,1.098887,1.099067,1.098789,1.098982,100,true
SYNTHETIC_EUR_USD,1m,2025-01-02T04:06:00+00:00,1.098982,1.099238,1.098933,1.099130,100,true
SYNTHETIC_EUR_USD,1m,2025-01-02T04:07:00+00:00,1.099130,1.099395,1.099012,1.099382,100,true
SYNTHETIC_EUR_USD,1m,2025-01-02T04:08:00+00:00,1.099382,1.099583,1.099279,1.099504,100,true
SYNTHETIC_EUR_USD,1m,2025-01-02T04:09:00+00:00,1.099504,1.099596,1.099399,1.099521,100,true
SYNTHETIC_EUR_USD,1m,2025-01-02T04:10:00+00:00,1.099521,1.099666,1.099433,1.099574,100,true
SYNTHETIC_EUR_USD,1m,2025-01-02T04:11:00+00:00,1.099574,1.099699,1.099509,1.099644,100,true
SYNTHETIC_EUR_USD,1m,2025-01-02T04:12:00+00:00,1.099644,1.099766,1.099584,1.099730,100,true
SYNTHETIC_EUR_USD,1m,2025-01-02T04:13:00+00:00,1.099730,1.099887,1.099708,1.099844,100,true
SYNTHETIC_EUR_USD,1m,2025-01-02T04:14:00+00:00,1.099844,1.099940,1.099731,1.099826,100,true
SYNTHETIC_EUR_USD,1m,2025-01-02T04:15:00+00:00,1.099826,1.099933,1.099763,1.099920,100,true
SYNTHETIC_EUR_USD,1m,2025-01-02T04:16:00+00:00,1.099920,1.099985,1.099779,1.099810,100,true
SYNTHETIC_EUR_USD,1m,2025-01-02T04:17:00+00:00,1.099810,1.099983,1.099715,1.099915,100,true
SYNTHETIC_EUR_USD,1m,2025-01-02T04:18:00+00:00,1.099915,1.099941,1.099629,1.099735,100,true
SYNTHETIC_EUR_USD,1m,2025-01-02T04:19:00+00:00,1.099735,1.099832,1.099711,1.099747,100,true
SYNTHETIC_EUR_USD,1m,2025-01-02T04:20:00+00:00,1.099747,1.099837,1.099302,1.099362,100,true
SYNTHETIC_EUR_USD,1m,2025-01-02T04:21:00+00:00,1.099362,1.099373,1.098993,1.099106,100,true
SYNTHETIC_EUR_USD,1m,2025-01-02T04:22:00+00:00,1.099106,1.099191,1.098396,1.098472,100,true
SYNTHETIC_EUR_USD,1m,2025-01-02T04:23:00+00:00,1.098472,1.098700,1.098404,1.098685,100,true
SYNTHETIC_EUR_USD,1m,2025-01-02T04:24:00+00:00,1.098685,1.098824,1.098640,1.098741,100,true
SYNTHETIC_EUR_USD,1m,2025-01-02T04:25:00+00:00,1.098741,1.098849,1.098210,1.098256,100,true
SYNTHETIC_EUR_USD,1m,2025-01-02T04:26:00+00:00,1.098256,1.098287,1.097874,1.097914,100,true
SYNTHETIC_EUR_USD,1m,2025-01-02T04:27:00+00:00,1.097914,1.097937,1.097532,1.097558,100,true
SYNTHETIC_EUR_USD,1m,2025-01-02T04:28:00+00:00,1.097558,1.097823,1.097546,1.097782,100,true
SYNTHETIC_EUR_USD,1m,2025-01-02T04:29:00+00:00,1.097782,1.097815,1.097234,1.097283,100,true
SYNTHETIC_EUR_USD,1m,2025-01-02T04:30:00+00:00,1.097283,1.097328,1.096781,1.096806,100,true
SYNTHETIC_EUR_USD,1m,2025-01-02T04:31:00+00:00,1.096806,1.096843,1.096572,1.096590,100,true
SYNTHETIC_EUR_USD,1m,2025-01-02T04:32:00+00:00,1.096590,1.096667,1.096126,1.096173,100,true
SYNTHETIC_EUR_USD,1m,2025-01-02T04:33:00+00:00,1.096173,1.096235,1.095809,1.095893,100,true
SYNTHETIC_EUR_USD,1m,2025-01-02T04:34:00+00:00,1.095893,1.095929,1.095877,1.095908,100,true
SYNTHETIC_EUR_USD,1m,2025-01-02T04:35:00+00:00,1.095908,1.095983,1.095574,1.095649,100,true
SYNTHETIC_EUR_USD,1m,2025-01-02T04:36:00+00:00,1.095649,1.095855,1.095563,1.095753,100,true
SYNTHETIC_EUR_USD,1m,2025-01-02T04:37:00+00:00,1.095753,1.095853,1.095425,1.095513,100,true
SYNTHETIC_EUR_USD,1m,2025-01-02T04:38:00+00:00,1.095513,1.095597,1.095257,1.095325,100,true
SYNTHETIC_EUR_USD,1m,2025-01-02T04:39:00+00:00,1.095325,1.096116,1.095301,1.096055,100,true
SYNTHETIC_EUR_USD,1m,2025-01-02T04:40:00+00:00,1.096055,1.096155,1.095924,1.096035,100,true
SYNTHETIC_EUR_USD,1m,2025-01-02T04:41:00+00:00,1.096035,1.096121,1.095627,1.095715,100,true
SYNTHETIC_EUR_USD,1m,2025-01-02T04:42:00+00:00,1.095715,1.095994,1.095679,1.095933,100,true
SYNTHETIC_EUR_USD,1m,2025-01-02T04:43:00+00:00,1.095933,1.096288,1.095822,1.096210,100,true
SYNTHETIC_EUR_USD,1m,2025-01-02T04:44:00+00:00,1.096210,1.097208,1.096123,1.097154,100,true
SYNTHETIC_EUR_USD,1m,2025-01-02T04:45:00+00:00,1.097154,1.097261,1.096906,1.096966,100,true
SYNTHETIC_EUR_USD,1m,2025-01-02T04:46:00+00:00,1.096966,1.096980,1.096473,1.096536,100,true
SYNTHETIC_EUR_USD,1m,2025-01-02T04:47:00+00:00,1.096536,1.096564,1.096356,1.096451,100,true
SYNTHETIC_EUR_USD,1m,2025-01-02T04:48:00+00:00,1.096451,1.097064,1.096427,1.096987,100,true
SYNTHETIC_EUR_USD,1m,2025-01-02T04:49:00+00:00,1.096987,1.097849,1.096942,1.097751,100,true
SYNTHETIC_EUR_USD,1m,2025-01-02T04:50:00+00:00,1.097751,1.098444,1.097654,1.098362,100,true
SYNTHETIC_EUR_USD,1m,2025-01-02T04:51:00+00:00,1.098362,1.098418,1.098043,1.098122,100,true
SYNTHETIC_EUR_USD,1m,2025-01-02T04:52:00+00:00,1.098122,1.098250,1.098004,1.098180,100,true
SYNTHETIC_EUR_USD,1m,2025-01-02T04:53:00+00:00,1.098180,1.098279,1.097956,1.098031,100,true
SYNTHETIC_EUR_USD,1m,2025-01-02T04:54:00+00:00,1.098031,1.098475,1.097974,1.098379,100,true
SYNTHETIC_EUR_USD,1m,2025-01-02T04:55:00+00:00,1.098379,1.098613,1.098296,1.098577,100,true
SYNTHETIC_EUR_USD,1m,2025-01-02T04:56:00+00:00,1.098577,1.098596,1.098035,1.098147,100,true
SYNTHETIC_EUR_USD,1m,2025-01-02T04:57:00+00:00,1.098147,1.098222,1.097707,1.097768,100,true
SYNTHETIC_EUR_USD,1m,2025-01-02T04:58:00+00:00,1.097768,1.097839,1.097468,1.097568,100,true
SYNTHETIC_EUR_USD,1m,2025-01-02T04:59:00+00:00,1.097568,1.098015,1.097546,1.097997,100,true
SYNTHETIC_EUR_USD,1m,2025-01-02T05:00:00+00:00,1.097997,1.098947,1.097902,1.098848,100,true
SYNTHETIC_EUR_USD,1m,2025-01-02T05:01:00+00:00,1.098848,1.098930,1.098422,1.098442,100,true
SYNTHETIC_EUR_USD,1m,2025-01-02T05:02:00+00:00,1.098442,1.098773,1.098334,1.098673,100,true
SYNTHETIC_EUR_USD,1m,2025-01-02T05:03:00+00:00,1.098673,1.099038,1.098647,1.099028,100,true
SYNTHETIC_EUR_USD,1m,2025-01-02T05:04:00+00:00,1.099028,1.099054,1.098504,1.098572,100,true
SYNTHETIC_EUR_USD,1m,2025-01-02T05:05:00+00:00,1.098572,1.098604,1.097935,1.098020,100,true
SYNTHETIC_EUR_USD,1m,2025-01-02T05:06:00+00:00,1.098020,1.098240,1.097948,1.098195,100,true
SYNTHETIC_EUR_USD,1m,2025-01-02T05:07:00+00:00,1.098195,1.098430,1.098137,1.098316,100,true
SYNTHETIC_EUR_USD,1m,2025-01-02T05:08:00+00:00,1.098316,1.098434,1.097914,1.097962,100,true
SYNTHETIC_EUR_USD,1m,2025-01-02T05:09:00+00:00,1.097962,1.098081,1.097771,1.097825,100,true
SYNTHETIC_EUR_USD,1m,2025-01-02T05:10:00+00:00,1.097825,1.097850,1.097631,1.097674,100,true
SYNTHETIC_EUR_USD,1m,2025-01-02T05:11:00+00:00,1.097674,1.097689,1.097068,1.097155,100,true
SYNTHETIC_EUR_USD,1m,2025-01-02T05:12:00+00:00,1.097155,1.097458,1.097106,1.097358,100,true
SYNTHETIC_EUR_USD,1m,2025-01-02T05:13:00+00:00,1.097358,1.097754,1.097271,1.097718,100,true
SYNTHETIC_EUR_USD,1m,2025-01-02T05:14:00+00:00,1.097718,1.097772,1.096919,1.096964,100,true
SYNTHETIC_EUR_USD,1m,2025-01-02T05:15:00+00:00,1.096964,1.097034,1.096467,1.096550,100,true
SYNTHETIC_EUR_USD,1m,2025-01-02T05:16:00+00:00,1.096550,1.096772,1.096519,1.096710,100,true
SYNTHETIC_EUR_USD,1m,2025-01-02T05:17:00+00:00,1.096710,1.096812,1.095921,1.095948,100,true
SYNTHETIC_EUR_USD,1m,2025-01-02T05:18:00+00:00,1.095948,1.096613,1.095864,1.096493,100,true
SYNTHETIC_EUR_USD,1m,2025-01-02T05:19:00+00:00,1.096493,1.096574,1.096404,1.096562,100,true
SYNTHETIC_EUR_USD,1m,2025-01-02T05:20:00+00:00,1.096562,1.096734,1.096504,1.096670,100,true
SYNTHETIC_EUR_USD,1m,2025-01-02T05:21:00+00:00,1.096670,1.096937,1.096614,1.096856,100,true
SYNTHETIC_EUR_USD,1m,2025-01-02T05:22:00+00:00,1.096856,1.096950,1.096760,1.096889,100,true
SYNTHETIC_EUR_USD,1m,2025-01-02T05:23:00+00:00,1.096889,1.096919,1.096558,1.096624,100,true
SYNTHETIC_EUR_USD,1m,2025-01-02T05:24:00+00:00,1.096624,1.096694,1.096398,1.096458,100,true
SYNTHETIC_EUR_USD,1m,2025-01-02T05:25:00+00:00,1.096458,1.096534,1.096339,1.096412,100,true
SYNTHETIC_EUR_USD,1m,2025-01-02T05:26:00+00:00,1.096412,1.096849,1.096376,1.096746,100,true
SYNTHETIC_EUR_USD,1m,2025-01-02T05:27:00+00:00,1.096746,1.096816,1.096431,1.096481,100,true
SYNTHETIC_EUR_USD,1m,2025-01-02T05:28:00+00:00,1.096481,1.096755,1.096409,1.096637,100,true
SYNTHETIC_EUR_USD,1m,2025-01-02T05:29:00+00:00,1.096637,1.096816,1.096551,1.096753,100,true
SYNTHETIC_EUR_USD,1m,2025-01-02T05:30:00+00:00,1.096753,1.096779,1.096651,1.096742,100,true
SYNTHETIC_EUR_USD,1m,2025-01-02T05:31:00+00:00,1.096742,1.098159,1.096681,1.098063,100,true
SYNTHETIC_EUR_USD,1m,2025-01-02T05:32:00+00:00,1.098063,1.098142,1.097955,1.098124,100,true
SYNTHETIC_EUR_USD,1m,2025-01-02T05:33:00+00:00,1.098124,1.098774,1.098008,1.098683,100,true
SYNTHETIC_EUR_USD,1m,2025-01-02T05:34:00+00:00,1.098683,1.099107,1.098603,1.099088,100,true
SYNTHETIC_EUR_USD,1m,2025-01-02T05:35:00+00:00,1.099088,1.099362,1.099040,1.099346,100,true
SYNTHETIC_EUR_USD,1m,2025-01-02T05:36:00+00:00,1.099346,1.099442,1.099095,1.099157,100,true
SYNTHETIC_EUR_USD,1m,2025-01-02T05:37:00+00:00,1.099157,1.099247,1.098775,1.098831,100,true
SYNTHETIC_EUR_USD,1m,2025-01-02T05:38:00+00:00,1.098831,1.099014,1.098733,1.098899,100,true
SYNTHETIC_EUR_USD,1m,2025-01-02T05:39:00+00:00,1.098899,1.099065,1.098806,1.098954,100,true
SYNTHETIC_EUR_USD,1m,2025-01-02T05:40:00+00:00,1.098954,1.099206,1.098882,1.099116,100,true
SYNTHETIC_EUR_USD,1m,2025-01-02T05:41:00+00:00,1.099116,1.099597,1.099100,1.099568,100,true
SYNTHETIC_EUR_USD,1m,2025-01-02T05:42:00+00:00,1.099568,1.099865,1.099469,1.099746,100,true
SYNTHETIC_EUR_USD,1m,2025-01-02T05:43:00+00:00,1.099746,1.099765,1.099428,1.099494,100,true
SYNTHETIC_EUR_USD,1m,2025-01-02T05:44:00+00:00,1.099494,1.099597,1.099178,1.099219,100,true
SYNTHETIC_EUR_USD,1m,2025-01-02T05:45:00+00:00,1.099219,1.099473,1.099207,1.099369,100,true
SYNTHETIC_EUR_USD,1m,2025-01-02T05:46:00+00:00,1.099369,1.099540,1.099340,1.099518,100,true
SYNTHETIC_EUR_USD,1m,2025-01-02T05:47:00+00:00,1.099518,1.099577,1.099115,1.099214,100,true
SYNTHETIC_EUR_USD,1m,2025-01-02T05:48:00+00:00,1.099214,1.099253,1.098871,1.098958,100,true
SYNTHETIC_EUR_USD,1m,2025-01-02T05:49:00+00:00,1.098958,1.099063,1.098049,1.098097,100,true
SYNTHETIC_EUR_USD,1m,2025-01-02T05:50:00+00:00,1.098097,1.098116,1.097978,1.098004,100,true
SYNTHETIC_EUR_USD,1m,2025-01-02T05:51:00+00:00,1.098004,1.098110,1.097885,1.098045,100,true
SYNTHETIC_EUR_USD,1m,2025-01-02T05:52:00+00:00,1.098045,1.098140,1.097739,1.097775,100,true
SYNTHETIC_EUR_USD,1m,2025-01-02T05:53:00+00:00,1.097775,1.097808,1.096974,1.097065,100,true
SYNTHETIC_EUR_USD,1m,2025-01-02T05:54:00+00:00,1.097065,1.097143,1.096984,1.097095,100,true
SYNTHETIC_EUR_USD,1m,2025-01-02T05:55:00+00:00,1.097095,1.097123,1.096873,1.096927,100,true
SYNTHETIC_EUR_USD,1m,2025-01-02T05:56:00+00:00,1.096927,1.096970,1.096470,1.096562,100,true
SYNTHETIC_EUR_USD,1m,2025-01-02T05:57:00+00:00,1.096562,1.096614,1.096327,1.096415,100,true
SYNTHETIC_EUR_USD,1m,2025-01-02T05:58:00+00:00,1.096415,1.096477,1.095755,1.095781,100,true
SYNTHETIC_EUR_USD,1m,2025-01-02T05:59:00+00:00,1.095781,1.095893,1.095641,1.095700,100,true
SYNTHETIC_EUR_USD,1m,2025-01-02T06:00:00+00:00,1.095700,1.095785,1.095436,1.095552,100,true
SYNTHETIC_EUR_USD,1m,2025-01-02T06:01:00+00:00,1.095552,1.095663,1.095436,1.095516,100,true
SYNTHETIC_EUR_USD,1m,2025-01-02T06:02:00+00:00,1.095516,1.095632,1.095430,1.095487,100,true
SYNTHETIC_EUR_USD,1m,2025-01-02T06:03:00+00:00,1.095487,1.095768,1.095448,1.095721,100,true
SYNTHETIC_EUR_USD,1m,2025-01-02T06:04:00+00:00,1.095721,1.095742,1.095575,1.095657,100,true
SYNTHETIC_EUR_USD,1m,2025-01-02T06:05:00+00:00,1.095657,1.095750,1.095485,1.095576,100,true
SYNTHETIC_EUR_USD,1m,2025-01-02T06:06:00+00:00,1.095576,1.095885,1.095544,1.095810,100,true
SYNTHETIC_EUR_USD,1m,2025-01-02T06:07:00+00:00,1.095810,1.095872,1.095740,1.095843,100,true
SYNTHETIC_EUR_USD,1m,2025-01-02T06:08:00+00:00,1.095843,1.096235,1.095741,1.096151,100,true
SYNTHETIC_EUR_USD,1m,2025-01-02T06:09:00+00:00,1.096151,1.096399,1.096092,1.096377,100,true
SYNTHETIC_EUR_USD,1m,2025-01-02T06:10:00+00:00,1.096377,1.096607,1.096336,1.096573,100,true
SYNTHETIC_EUR_USD,1m,2025-01-02T06:11:00+00:00,1.096573,1.096810,1.096460,1.096790,100,true
SYNTHETIC_EUR_USD,1m,2025-01-02T06:12:00+00:00,1.096790,1.097117,1.096688,1.097035,100,true
SYNTHETIC_EUR_USD,1m,2025-01-02T06:13:00+00:00,1.097035,1.097516,1.097012,1.097429,100,true
SYNTHETIC_EUR_USD,1m,2025-01-02T06:14:00+00:00,1.097429,1.097717,1.097404,1.097613,100,true
SYNTHETIC_EUR_USD,1m,2025-01-02T06:15:00+00:00,1.097613,1.097782,1.097497,1.097710,100,true
SYNTHETIC_EUR_USD,1m,2025-01-02T06:16:00+00:00,1.097710,1.097844,1.097624,1.097735,100,true
SYNTHETIC_EUR_USD,1m,2025-01-02T06:17:00+00:00,1.097735,1.098080,1.097655,1.097967,100,true
SYNTHETIC_EUR_USD,1m,2025-01-02T06:18:00+00:00,1.097967,1.098439,1.097926,1.098328,100,true
SYNTHETIC_EUR_USD,1m,2025-01-02T06:19:00+00:00,1.098328,1.098422,1.098265,1.098310,100,true
SYNTHETIC_EUR_USD,1m,2025-01-02T06:20:00+00:00,1.098310,1.098653,1.098292,1.098626,100,true
SYNTHETIC_EUR_USD,1m,2025-01-02T06:21:00+00:00,1.098626,1.098875,1.098609,1.098829,100,true
SYNTHETIC_EUR_USD,1m,2025-01-02T06:22:00+00:00,1.098829,1.098990,1.098789,1.098875,100,true
SYNTHETIC_EUR_USD,1m,2025-01-02T06:23:00+00:00,1.098875,1.098998,1.098798,1.098886,100,true
SYNTHETIC_EUR_USD,1m,2025-01-02T06:24:00+00:00,1.098886,1.099084,1.098822,1.099054,100,true
SYNTHETIC_EUR_USD,1m,2025-01-02T06:25:00+00:00,1.099054,1.099308,1.098974,1.099274,100,true
SYNTHETIC_EUR_USD,1m,2025-01-02T06:26:00+00:00,1.099274,1.099612,1.099185,1.099502,100,true
SYNTHETIC_EUR_USD,1m,2025-01-02T06:27:00+00:00,1.099502,1.099653,1.099464,1.099580,100,true
SYNTHETIC_EUR_USD,1m,2025-01-02T06:28:00+00:00,1.099580,1.099684,1.099472,1.099624,100,true
SYNTHETIC_EUR_USD,1m,2025-01-02T06:29:00+00:00,1.099624,1.099830,1.099541,1.099718,100,true
SYNTHETIC_EUR_USD,1m,2025-01-02T06:30:00+00:00,1.099718,1.099864,1.099631,1.099824,100,true
SYNTHETIC_EUR_USD,1m,2025-01-02T06:31:00+00:00,1.099824,1.099968,1.099711,1.099901,100,true
SYNTHETIC_EUR_USD,1m,2025-01-02T06:32:00+00:00,1.099901,1.099965,1.099683,1.099741,100,true
SYNTHETIC_EUR_USD,1m,2025-01-02T06:33:00+00:00,1.099741,1.099866,1.099672,1.099770,100,true
SYNTHETIC_EUR_USD,1m,2025-01-02T06:34:00+00:00,1.099770,1.099780,1.099381,1.099496,100,true
SYNTHETIC_EUR_USD,1m,2025-01-02T06:35:00+00:00,1.099496,1.099568,1.099329,1.099442,100,true
SYNTHETIC_EUR_USD,1m,2025-01-02T06:36:00+00:00,1.099442,1.099491,1.099115,1.099200,100,true
SYNTHETIC_EUR_USD,1m,2025-01-02T06:37:00+00:00,1.099200,1.099315,1.098922,1.098942,100,true
SYNTHETIC_EUR_USD,1m,2025-01-02T06:38:00+00:00,1.098942,1.099011,1.098806,1.098922,100,true
SYNTHETIC_EUR_USD,1m,2025-01-02T06:39:00+00:00,1.098922,1.099019,1.098841,1.098924,100,true
SYNTHETIC_EUR_USD,1m,2025-01-02T06:40:00+00:00,1.098924,1.098954,1.098868,1.098882,100,true
SYNTHETIC_EUR_USD,1m,2025-01-02T06:41:00+00:00,1.098882,1.098969,1.098620,1.098729,100,true
SYNTHETIC_EUR_USD,1m,2025-01-02T06:42:00+00:00,1.098729,1.098808,1.098651,1.098701,100,true
SYNTHETIC_EUR_USD,1m,2025-01-02T06:43:00+00:00,1.098701,1.098875,1.098675,1.098784,100,true
SYNTHETIC_EUR_USD,1m,2025-01-02T06:44:00+00:00,1.098784,1.098859,1.098695,1.098828,100,true
SYNTHETIC_EUR_USD,1m,2025-01-02T06:45:00+00:00,1.098828,1.098845,1.098621,1.098691,100,true
SYNTHETIC_EUR_USD,1m,2025-01-02T06:46:00+00:00,1.098691,1.098735,1.098548,1.098617,100,true
SYNTHETIC_EUR_USD,1m,2025-01-02T06:47:00+00:00,1.098617,1.098831,1.098603,1.098711,100,true
SYNTHETIC_EUR_USD,1m,2025-01-02T06:48:00+00:00,1.098711,1.098727,1.098555,1.098651,100,true
SYNTHETIC_EUR_USD,1m,2025-01-02T06:49:00+00:00,1.098651,1.098887,1.098568,1.098789,100,true
SYNTHETIC_EUR_USD,1m,2025-01-02T06:50:00+00:00,1.098789,1.098969,1.098704,1.098909,100,true
SYNTHETIC_EUR_USD,1m,2025-01-02T06:51:00+00:00,1.098909,1.099159,1.098797,1.099086,100,true
SYNTHETIC_EUR_USD,1m,2025-01-02T06:52:00+00:00,1.099086,1.099203,1.099060,1.099189,100,true
SYNTHETIC_EUR_USD,1m,2025-01-02T06:53:00+00:00,1.099189,1.099396,1.099174,1.099285,100,true
SYNTHETIC_EUR_USD,1m,2025-01-02T06:54:00+00:00,1.099285,1.099452,1.099261,1.099365,100,true
SYNTHETIC_EUR_USD,1m,2025-01-02T06:55:00+00:00,1.099365,1.099635,1.099268,1.099591,100,true
SYNTHETIC_EUR_USD,1m,2025-01-02T06:56:00+00:00,1.099591,1.099906,1.099562,1.099846,100,true
SYNTHETIC_EUR_USD,1m,2025-01-02T06:57:00+00:00,1.099846,1.099912,1.099781,1.099890,100,true
SYNTHETIC_EUR_USD,1m,2025-01-02T06:58:00+00:00,1.099890,1.100105,1.099856,1.100008,100,true
SYNTHETIC_EUR_USD,1m,2025-01-02T06:59:00+00:00,1.100008,1.100389,1.099890,1.100290,100,true
SYNTHETIC_EUR_USD,1m,2025-01-02T07:00:00+00:00,1.100290,1.100494,1.100244,1.100410,100,true
SYNTHETIC_EUR_USD,1m,2025-01-02T07:01:00+00:00,1.100410,1.100825,1.100308,1.100800,100,true
SYNTHETIC_EUR_USD,1m,2025-01-02T07:02:00+00:00,1.100800,1.101099,1.100705,1.101002,100,true
SYNTHETIC_EUR_USD,1m,2025-01-02T07:03:00+00:00,1.101002,1.101150,1.100977,1.101126,100,true
SYNTHETIC_EUR_USD,1m,2025-01-02T07:04:00+00:00,1.101126,1.101322,1.101040,1.101267,100,true
SYNTHETIC_EUR_USD,1m,2025-01-02T07:05:00+00:00,1.101267,1.101439,1.101252,1.101328,100,true
SYNTHETIC_EUR_USD,1m,2025-01-02T07:06:00+00:00,1.101328,1.101469,1.101224,1.101448,100,true
SYNTHETIC_EUR_USD,1m,2025-01-02T07:07:00+00:00,1.101448,1.101459,1.101366,1.101430,100,true
SYNTHETIC_EUR_USD,1m,2025-01-02T07:08:00+00:00,1.101430,1.101441,1.101382,1.101412,100,true
SYNTHETIC_EUR_USD,1m,2025-01-02T07:09:00+00:00,1.101412,1.101759,1.101356,1.101651,100,true
SYNTHETIC_EUR_USD,1m,2025-01-02T07:10:00+00:00,1.101651,1.101909,1.101556,1.101810,100,true
SYNTHETIC_EUR_USD,1m,2025-01-02T07:11:00+00:00,1.101810,1.101902,1.101743,1.101822,100,true
SYNTHETIC_EUR_USD,1m,2025-01-02T07:12:00+00:00,1.101822,1.101877,1.101648,1.101761,100,true
SYNTHETIC_EUR_USD,1m,2025-01-02T07:13:00+00:00,1.101761,1.101791,1.101662,1.101727,100,true
SYNTHETIC_EUR_USD,1m,2025-01-02T07:14:00+00:00,1.101727,1.101841,1.101595,1.101674,100,true
SYNTHETIC_EUR_USD,1m,2025-01-02T07:15:00+00:00,1.101674,1.101684,1.101607,1.101643,100,true
SYNTHETIC_EUR_USD,1m,2025-01-02T07:16:00+00:00,1.101643,1.101666,1.101394,1.101463,100,true
SYNTHETIC_EUR_USD,1m,2025-01-02T07:17:00+00:00,1.101463,1.101562,1.101393,1.101468,100,true
SYNTHETIC_EUR_USD,1m,2025-01-02T07:18:00+00:00,1.101468,1.101503,1.101337,1.101432,100,true
SYNTHETIC_EUR_USD,1m,2025-01-02T07:19:00+00:00,1.101432,1.101463,1.101171,1.101269,100,true
SYNTHETIC_EUR_USD,1m,2025-01-02T07:20:00+00:00,1.101269,1.101354,1.100954,1.101070,100,true
SYNTHETIC_EUR_USD,1m,2025-01-02T07:21:00+00:00,1.101070,1.101154,1.100862,1.100877,100,true
SYNTHETIC_EUR_USD,1m,2025-01-02T07:22:00+00:00,1.100877,1.100958,1.100728,1.100770,100,true
SYNTHETIC_EUR_USD,1m,2025-01-02T07:23:00+00:00,1.100770,1.100868,1.100463,1.100556,100,true
SYNTHETIC_EUR_USD,1m,2025-01-02T07:24:00+00:00,1.100556,1.100571,1.100402,1.100493,100,true
SYNTHETIC_EUR_USD,1m,2025-01-02T07:25:00+00:00,1.100493,1.100590,1.100402,1.100465,100,true
SYNTHETIC_EUR_USD,1m,2025-01-02T07:26:00+00:00,1.100465,1.100488,1.100242,1.100351,100,true
SYNTHETIC_EUR_USD,1m,2025-01-02T07:27:00+00:00,1.100351,1.100397,1.100228,1.100260,100,true
SYNTHETIC_EUR_USD,1m,2025-01-02T07:28:00+00:00,1.100260,1.100344,1.100013,1.100059,100,true
SYNTHETIC_EUR_USD,1m,2025-01-02T07:29:00+00:00,1.100059,1.100080,1.099967,1.100058,100,true
SYNTHETIC_EUR_USD,1m,2025-01-02T07:30:00+00:00,1.100058,1.100164,1.099905,1.099957,100,true
SYNTHETIC_EUR_USD,1m,2025-01-02T07:31:00+00:00,1.099957,1.100073,1.099849,1.100010,100,true
SYNTHETIC_EUR_USD,1m,2025-01-02T07:32:00+00:00,1.100010,1.100223,1.099898,1.100197,100,true
SYNTHETIC_EUR_USD,1m,2025-01-02T07:33:00+00:00,1.100197,1.100222,1.100073,1.100162,100,true
SYNTHETIC_EUR_USD,1m,2025-01-02T07:34:00+00:00,1.100162,1.100380,1.100045,1.100300,100,true
SYNTHETIC_EUR_USD,1m,2025-01-02T07:35:00+00:00,1.100300,1.100534,1.100283,1.100448,100,true
SYNTHETIC_EUR_USD,1m,2025-01-02T07:36:00+00:00,1.100448,1.100685,1.100344,1.100660,100,true
SYNTHETIC_EUR_USD,1m,2025-01-02T07:37:00+00:00,1.100660,1.100810,1.100552,1.100762,100,true
SYNTHETIC_EUR_USD,1m,2025-01-02T07:38:00+00:00,1.100762,1.101049,1.100665,1.100973,100,true
SYNTHETIC_EUR_USD,1m,2025-01-02T07:39:00+00:00,1.100973,1.101103,1.100856,1.101074,100,true
SYNTHETIC_EUR_USD,1m,2025-01-02T07:40:00+00:00,1.101074,1.101273,1.101054,1.101169,100,true
SYNTHETIC_EUR_USD,1m,2025-01-02T07:41:00+00:00,1.101169,1.101606,1.101094,1.101487,100,true
SYNTHETIC_EUR_USD,1m,2025-01-02T07:42:00+00:00,1.101487,1.101717,1.101446,1.101615,100,true
SYNTHETIC_EUR_USD,1m,2025-01-02T07:43:00+00:00,1.101615,1.101868,1.101569,1.101831,100,true
SYNTHETIC_EUR_USD,1m,2025-01-02T07:44:00+00:00,1.101831,1.101949,1.101722,1.101875,100,true
SYNTHETIC_EUR_USD,1m,2025-01-02T07:45:00+00:00,1.101875,1.102125,1.101865,1.102052,100,true
SYNTHETIC_EUR_USD,1m,2025-01-02T07:46:00+00:00,1.102052,1.102359,1.102038,1.102241,100,true
SYNTHETIC_EUR_USD,1m,2025-01-02T07:47:00+00:00,1.102241,1.102268,1.102173,1.102254,100,true
SYNTHETIC_EUR_USD,1m,2025-01-02T07:48:00+00:00,1.102254,1.102554,1.102156,1.102492,100,true
SYNTHETIC_EUR_USD,1m,2025-01-02T07:49:00+00:00,1.102492,1.102767,1.102420,1.102731,100,true
SYNTHETIC_EUR_USD,1m,2025-01-02T07:50:00+00:00,1.102731,1.102786,1.102640,1.102774,100,true
SYNTHETIC_EUR_USD,1m,2025-01-02T07:51:00+00:00,1.102774,1.103018,1.102693,1.102975,100,true
SYNTHETIC_EUR_USD,1m,2025-01-02T07:52:00+00:00,1.102975,1.103092,1.102913,1.103072,100,true
SYNTHETIC_EUR_USD,1m,2025-01-02T07:53:00+00:00,1.103072,1.103205,1.102980,1.103100,100,true
SYNTHETIC_EUR_USD,1m,2025-01-02T07:54:00+00:00,1.103100,1.103355,1.103040,1.103342,100,true
SYNTHETIC_EUR_USD,1m,2025-01-02T07:55:00+00:00,1.103342,1.103471,1.103245,1.103416,100,true
SYNTHETIC_EUR_USD,1m,2025-01-02T07:56:00+00:00,1.103416,1.103467,1.103128,1.103189,100,true
SYNTHETIC_EUR_USD,1m,2025-01-02T07:57:00+00:00,1.103189,1.103207,1.102912,1.103020,100,true
SYNTHETIC_EUR_USD,1m,2025-01-02T07:58:00+00:00,1.103020,1.103067,1.102797,1.102811,100,true
SYNTHETIC_EUR_USD,1m,2025-01-02T07:59:00+00:00,1.102811,1.102925,1.102603,1.102672,100,true
SYNTHETIC_EUR_USD,1m,2025-01-02T08:00:00+00:00,1.102672,1.102770,1.102546,1.102643,100,true
SYNTHETIC_EUR_USD,1m,2025-01-02T08:01:00+00:00,1.102643,1.102862,1.102627,1.102771,100,true
SYNTHETIC_EUR_USD,1m,2025-01-02T08:02:00+00:00,1.102771,1.102904,1.102687,1.102790,100,true
SYNTHETIC_EUR_USD,1m,2025-01-02T08:03:00+00:00,1.102790,1.102841,1.102646,1.102724,100,true
SYNTHETIC_EUR_USD,1m,2025-01-02T08:04:00+00:00,1.102724,1.102774,1.102540,1.102569,100,true
SYNTHETIC_EUR_USD,1m,2025-01-02T08:05:00+00:00,1.102569,1.102657,1.102375,1.102407,100,true
SYNTHETIC_EUR_USD,1m,2025-01-02T08:06:00+00:00,1.102407,1.102525,1.102236,1.102272,100,true
SYNTHETIC_EUR_USD,1m,2025-01-02T08:07:00+00:00,1.102272,1.102386,1.102188,1.102262,100,true
SYNTHETIC_EUR_USD,1m,2025-01-02T08:08:00+00:00,1.102262,1.102377,1.102212,1.102245,100,true
SYNTHETIC_EUR_USD,1m,2025-01-02T08:09:00+00:00,1.102245,1.102294,1.102109,1.102148,100,true
SYNTHETIC_EUR_USD,1m,2025-01-02T08:10:00+00:00,1.102148,1.102233,1.101942,1.101982,100,true
SYNTHETIC_EUR_USD,1m,2025-01-02T08:11:00+00:00,1.101982,1.102086,1.101915,1.102022,100,true
SYNTHETIC_EUR_USD,1m,2025-01-02T08:12:00+00:00,1.102022,1.102046,1.101934,1.102023,100,true
SYNTHETIC_EUR_USD,1m,2025-01-02T08:13:00+00:00,1.102023,1.102065,1.101860,1.101938,100,true
SYNTHETIC_EUR_USD,1m,2025-01-02T08:14:00+00:00,1.101938,1.102036,1.101695,1.101809,100,true
SYNTHETIC_EUR_USD,1m,2025-01-02T08:15:00+00:00,1.101809,1.101958,1.101701,1.101941,100,true
SYNTHETIC_EUR_USD,1m,2025-01-02T08:16:00+00:00,1.101941,1.102001,1.101710,1.101729,100,true
SYNTHETIC_EUR_USD,1m,2025-01-02T08:17:00+00:00,1.101729,1.102004,1.101707,1.101888,100,true
SYNTHETIC_EUR_USD,1m,2025-01-02T08:18:00+00:00,1.101888,1.101975,1.101802,1.101934,100,true
SYNTHETIC_EUR_USD,1m,2025-01-02T08:19:00+00:00,1.101934,1.102002,1.101740,1.101819,100,true
SYNTHETIC_EUR_USD,1m,2025-01-02T08:20:00+00:00,1.101819,1.102020,1.101703,1.101977,100,true
SYNTHETIC_EUR_USD,1m,2025-01-02T08:21:00+00:00,1.101977,1.102137,1.101919,1.102089,100,true
SYNTHETIC_EUR_USD,1m,2025-01-02T08:22:00+00:00,1.102089,1.102346,1.102047,1.102265,100,true
SYNTHETIC_EUR_USD,1m,2025-01-02T08:23:00+00:00,1.102265,1.102733,1.102151,1.102698,100,true
SYNTHETIC_EUR_USD,1m,2025-01-02T08:24:00+00:00,1.102698,1.103094,1.102643,1.103013,100,true
SYNTHETIC_EUR_USD,1m,2025-01-02T08:25:00+00:00,1.103013,1.103195,1.102938,1.103149,100,true
SYNTHETIC_EUR_USD,1m,2025-01-02T08:26:00+00:00,1.103149,1.103617,1.103046,1.103530,100,true
SYNTHETIC_EUR_USD,1m,2025-01-02T08:27:00+00:00,1.103530,1.103699,1.103434,1.103674,100,true
SYNTHETIC_EUR_USD,1m,2025-01-02T08:28:00+00:00,1.103674,1.103976,1.103636,1.103948,100,true
SYNTHETIC_EUR_USD,1m,2025-01-02T08:29:00+00:00,1.103948,1.104042,1.103849,1.103864,100,true
SYNTHETIC_EUR_USD,1m,2025-01-02T08:30:00+00:00,1.103864,1.104171,1.103804,1.104122,100,true
SYNTHETIC_EUR_USD,1m,2025-01-02T08:31:00+00:00,1.104122,1.104441,1.104080,1.104353,100,true
SYNTHETIC_EUR_USD,1m,2025-01-02T08:32:00+00:00,1.104353,1.104785,1.104251,1.104668,100,true
SYNTHETIC_EUR_USD,1m,2025-01-02T08:33:00+00:00,1.104668,1.104695,1.104632,1.104668,100,true
SYNTHETIC_EUR_USD,1m,2025-01-02T08:34:00+00:00,1.104668,1.104682,1.104498,1.104543,100,true
SYNTHETIC_EUR_USD,1m,2025-01-02T08:35:00+00:00,1.104543,1.104659,1.104471,1.104628,100,true
SYNTHETIC_EUR_USD,1m,2025-01-02T08:36:00+00:00,1.104628,1.104704,1.104583,1.104691,100,true
SYNTHETIC_EUR_USD,1m,2025-01-02T08:37:00+00:00,1.104691,1.104760,1.104569,1.104597,100,true
SYNTHETIC_EUR_USD,1m,2025-01-02T08:38:00+00:00,1.104597,1.104682,1.104486,1.104639,100,true
SYNTHETIC_EUR_USD,1m,2025-01-02T08:39:00+00:00,1.104639,1.104665,1.104382,1.104442,100,true
SYNTHETIC_EUR_USD,1m,2025-01-02T08:40:00+00:00,1.104442,1.104488,1.104406,1.104416,100,true
SYNTHETIC_EUR_USD,1m,2025-01-02T08:41:00+00:00,1.104416,1.104463,1.104175,1.104263,100,true
SYNTHETIC_EUR_USD,1m,2025-01-02T08:42:00+00:00,1.104263,1.104325,1.103742,1.103784,100,true
SYNTHETIC_EUR_USD,1m,2025-01-02T08:43:00+00:00,1.103784,1.104000,1.103758,1.103927,100,true
SYNTHETIC_EUR_USD,1m,2025-01-02T08:44:00+00:00,1.103927,1.103999,1.103509,1.103618,100,true
SYNTHETIC_EUR_USD,1m,2025-01-02T08:45:00+00:00,1.103618,1.103709,1.103129,1.103238,100,true
SYNTHETIC_EUR_USD,1m,2025-01-02T08:46:00+00:00,1.103238,1.103264,1.103012,1.103082,100,true
SYNTHETIC_EUR_USD,1m,2025-01-02T08:47:00+00:00,1.103082,1.103185,1.102749,1.102808,100,true
SYNTHETIC_EUR_USD,1m,2025-01-02T08:48:00+00:00,1.102808,1.102828,1.102668,1.102684,100,true
SYNTHETIC_EUR_USD,1m,2025-01-02T08:49:00+00:00,1.102684,1.102718,1.102231,1.102344,100,true
SYNTHETIC_EUR_USD,1m,2025-01-02T08:50:00+00:00,1.102344,1.102384,1.101969,1.101982,100,true
SYNTHETIC_EUR_USD,1m,2025-01-02T08:51:00+00:00,1.101982,1.102066,1.101602,1.101621,100,true
SYNTHETIC_EUR_USD,1m,2025-01-02T08:52:00+00:00,1.101621,1.101687,1.101333,1.101364,100,true
SYNTHETIC_EUR_USD,1m,2025-01-02T08:53:00+00:00,1.101364,1.101478,1.100972,1.101082,100,true
SYNTHETIC_EUR_USD,1m,2025-01-02T08:54:00+00:00,1.101082,1.101132,1.101006,1.101032,100,true
SYNTHETIC_EUR_USD,1m,2025-01-02T08:55:00+00:00,1.101032,1.101083,1.100879,1.100920,100,true
SYNTHETIC_EUR_USD,1m,2025-01-02T08:56:00+00:00,1.100920,1.100969,1.100549,1.100667,100,true
SYNTHETIC_EUR_USD,1m,2025-01-02T08:57:00+00:00,1.100667,1.100757,1.100505,1.100563,100,true
SYNTHETIC_EUR_USD,1m,2025-01-02T08:58:00+00:00,1.100563,1.100683,1.100313,1.100411,100,true
SYNTHETIC_EUR_USD,1m,2025-01-02T08:59:00+00:00,1.100411,1.100528,1.100212,1.100268,100,true
SYNTHETIC_EUR_USD,1m,2025-01-02T09:00:00+00:00,1.100268,1.100522,1.100243,1.100414,100,true
SYNTHETIC_EUR_USD,1m,2025-01-02T09:01:00+00:00,1.100414,1.100447,1.100269,1.100331,100,true
SYNTHETIC_EUR_USD,1m,2025-01-02T09:02:00+00:00,1.100331,1.100436,1.100171,1.100290,100,true
SYNTHETIC_EUR_USD,1m,2025-01-02T09:03:00+00:00,1.100290,1.100672,1.100270,1.100579,100,true
SYNTHETIC_EUR_USD,1m,2025-01-02T09:04:00+00:00,1.100579,1.100790,1.100468,1.100734,100,true
SYNTHETIC_EUR_USD,1m,2025-01-02T09:05:00+00:00,1.100734,1.100823,1.100564,1.100657,100,true
SYNTHETIC_EUR_USD,1m,2025-01-02T09:06:00+00:00,1.100657,1.100833,1.100627,1.100808,100,true
SYNTHETIC_EUR_USD,1m,2025-01-02T09:07:00+00:00,1.100808,1.100823,1.100683,1.100784,100,true
SYNTHETIC_EUR_USD,1m,2025-01-02T09:08:00+00:00,1.100784,1.101091,1.100741,1.100989,100,true
SYNTHETIC_EUR_USD,1m,2025-01-02T09:09:00+00:00,1.100989,1.101002,1.100965,1.100975,100,true
SYNTHETIC_EUR_USD,1m,2025-01-02T09:10:00+00:00,1.100975,1.101083,1.100860,1.101044,100,true
SYNTHETIC_EUR_USD,1m,2025-01-02T09:11:00+00:00,1.101044,1.101314,1.100936,1.101232,100,true
SYNTHETIC_EUR_USD,1m,2025-01-02T09:12:00+00:00,1.101232,1.101290,1.101168,1.101234,100,true
SYNTHETIC_EUR_USD,1m,2025-01-02T09:13:00+00:00,1.101234,1.101337,1.101194,1.101314,100,true
SYNTHETIC_EUR_USD,1m,2025-01-02T09:14:00+00:00,1.101314,1.101456,1.101297,1.101337,100,true
SYNTHETIC_EUR_USD,1m,2025-01-02T09:15:00+00:00,1.101337,1.101498,1.101231,1.101426,100,true
SYNTHETIC_EUR_USD,1m,2025-01-02T09:16:00+00:00,1.101426,1.101505,1.101285,1.101347,100,true
SYNTHETIC_EUR_USD,1m,2025-01-02T09:17:00+00:00,1.101347,1.101455,1.101274,1.101388,100,true
SYNTHETIC_EUR_USD,1m,2025-01-02T09:18:00+00:00,1.101388,1.101491,1.101345,1.101373,100,true
SYNTHETIC_EUR_USD,1m,2025-01-02T09:19:00+00:00,1.101373,1.101597,1.101348,1.101490,100,true
SYNTHETIC_EUR_USD,1m,2025-01-02T09:20:00+00:00,1.101490,1.101552,1.101450,1.101524,100,true
SYNTHETIC_EUR_USD,1m,2025-01-02T09:21:00+00:00,1.101524,1.101573,1.101221,1.101263,100,true
SYNTHETIC_EUR_USD,1m,2025-01-02T09:22:00+00:00,1.101263,1.101404,1.101150,1.101336,100,true
SYNTHETIC_EUR_USD,1m,2025-01-02T09:23:00+00:00,1.101336,1.101366,1.101031,1.101051,100,true
SYNTHETIC_EUR_USD,1m,2025-01-02T09:24:00+00:00,1.101051,1.101144,1.100858,1.100928,100,true
SYNTHETIC_EUR_USD,1m,2025-01-02T09:25:00+00:00,1.100928,1.101039,1.100885,1.100954,100,true
SYNTHETIC_EUR_USD,1m,2025-01-02T09:26:00+00:00,1.100954,1.101039,1.100554,1.100639,100,true
SYNTHETIC_EUR_USD,1m,2025-01-02T09:27:00+00:00,1.100639,1.100740,1.100584,1.100595,100,true
SYNTHETIC_EUR_USD,1m,2025-01-02T09:28:00+00:00,1.100595,1.100662,1.100441,1.100492,100,true
SYNTHETIC_EUR_USD,1m,2025-01-02T09:29:00+00:00,1.100492,1.100602,1.100153,1.100175,100,true
SYNTHETIC_EUR_USD,1m,2025-01-02T09:30:00+00:00,1.100175,1.100202,1.099929,1.099963,100,true
SYNTHETIC_EUR_USD,1m,2025-01-02T09:31:00+00:00,1.099963,1.100041,1.099727,1.099829,100,true
SYNTHETIC_EUR_USD,1m,2025-01-02T09:32:00+00:00,1.099829,1.099896,1.099760,1.099828,100,true
SYNTHETIC_EUR_USD,1m,2025-01-02T09:33:00+00:00,1.099828,1.099851,1.099336,1.099397,100,true
SYNTHETIC_EUR_USD,1m,2025-01-02T09:34:00+00:00,1.099397,1.099415,1.098994,1.099094,100,true
SYNTHETIC_EUR_USD,1m,2025-01-02T09:35:00+00:00,1.099094,1.099139,1.098932,1.098982,100,true
SYNTHETIC_EUR_USD,1m,2025-01-02T09:36:00+00:00,1.098982,1.099082,1.098585,1.098693,100,true
SYNTHETIC_EUR_USD,1m,2025-01-02T09:37:00+00:00,1.098693,1.098740,1.098224,1.098312,100,true
SYNTHETIC_EUR_USD,1m,2025-01-02T09:38:00+00:00,1.098312,1.098325,1.097896,1.097996,100,true
SYNTHETIC_EUR_USD,1m,2025-01-02T09:39:00+00:00,1.097996,1.098021,1.097820,1.097855,100,true
SYNTHETIC_EUR_USD,1m,2025-01-02T09:40:00+00:00,1.097855,1.097951,1.097831,1.097927,100,true
SYNTHETIC_EUR_USD,1m,2025-01-02T09:41:00+00:00,1.097927,1.098046,1.097908,1.097950,100,true
SYNTHETIC_EUR_USD,1m,2025-01-02T09:42:00+00:00,1.097950,1.098045,1.097828,1.097921,100,true
SYNTHETIC_EUR_USD,1m,2025-01-02T09:43:00+00:00,1.097921,1.098019,1.097820,1.097886,100,true
SYNTHETIC_EUR_USD,1m,2025-01-02T09:44:00+00:00,1.097886,1.097903,1.097814,1.097837,100,true
SYNTHETIC_EUR_USD,1m,2025-01-02T09:45:00+00:00,1.097837,1.097920,1.097704,1.097797,100,true
SYNTHETIC_EUR_USD,1m,2025-01-02T09:46:00+00:00,1.097797,1.097923,1.097686,1.097827,100,true
SYNTHETIC_EUR_USD,1m,2025-01-02T09:47:00+00:00,1.097827,1.097940,1.097779,1.097909,100,true
SYNTHETIC_EUR_USD,1m,2025-01-02T09:48:00+00:00,1.097909,1.098211,1.097806,1.098191,100,true
SYNTHETIC_EUR_USD,1m,2025-01-02T09:49:00+00:00,1.098191,1.098566,1.098163,1.098518,100,true
SYNTHETIC_EUR_USD,1m,2025-01-02T09:50:00+00:00,1.098518,1.098583,1.098396,1.098487,100,true
SYNTHETIC_EUR_USD,1m,2025-01-02T09:51:00+00:00,1.098487,1.098604,1.098413,1.098583,100,true
SYNTHETIC_EUR_USD,1m,2025-01-02T09:52:00+00:00,1.098583,1.098852,1.098549,1.098841,100,true
SYNTHETIC_EUR_USD,1m,2025-01-02T09:53:00+00:00,1.098841,1.099096,1.098772,1.098987,100,true
SYNTHETIC_EUR_USD,1m,2025-01-02T09:54:00+00:00,1.098987,1.099313,1.098966,1.099196,100,true
SYNTHETIC_EUR_USD,1m,2025-01-02T09:55:00+00:00,1.099196,1.099435,1.099146,1.099348,100,true
SYNTHETIC_EUR_USD,1m,2025-01-02T09:56:00+00:00,1.099348,1.099680,1.099289,1.099605,100,true
SYNTHETIC_EUR_USD,1m,2025-01-02T09:57:00+00:00,1.099605,1.099841,1.099553,1.099792,100,true
SYNTHETIC_EUR_USD,1m,2025-01-02T09:58:00+00:00,1.099792,1.099911,1.099757,1.099878,100,true
SYNTHETIC_EUR_USD,1m,2025-01-02T09:59:00+00:00,1.099878,1.100258,1.099856,1.100235,100,true
SYNTHETIC_EUR_USD,1m,2025-01-02T10:00:00+00:00,1.100235,1.100564,1.100141,1.100540,100,true
SYNTHETIC_EUR_USD,1m,2025-01-02T10:01:00+00:00,1.100540,1.100572,1.100493,1.100558,100,true
SYNTHETIC_EUR_USD,1m,2025-01-02T10:02:00+00:00,1.100558,1.100581,1.100411,1.100452,100,true
SYNTHETIC_EUR_USD,1m,2025-01-02T10:03:00+00:00,1.100452,1.100569,1.100328,1.100387,100,true
SYNTHETIC_EUR_USD,1m,2025-01-02T10:04:00+00:00,1.100387,1.100458,1.100279,1.100321,100,true
SYNTHETIC_EUR_USD,1m,2025-01-02T10:05:00+00:00,1.100321,1.100356,1.100218,1.100339,100,true
SYNTHETIC_EUR_USD,1m,2025-01-02T10:06:00+00:00,1.100339,1.100401,1.100137,1.100222,100,true
SYNTHETIC_EUR_USD,1m,2025-01-02T10:07:00+00:00,1.100222,1.100393,1.100201,1.100329,100,true
SYNTHETIC_EUR_USD,1m,2025-01-02T10:08:00+00:00,1.100329,1.100677,1.100247,1.100618,100,true
SYNTHETIC_EUR_USD,1m,2025-01-02T10:09:00+00:00,1.100618,1.100673,1.100470,1.100545,100,true
SYNTHETIC_EUR_USD,1m,2025-01-02T10:10:00+00:00,1.100545,1.100566,1.100314,1.100426,100,true
SYNTHETIC_EUR_USD,1m,2025-01-02T10:11:00+00:00,1.100426,1.100543,1.100248,1.100295,100,true
SYNTHETIC_EUR_USD,1m,2025-01-02T10:12:00+00:00,1.100295,1.100370,1.099977,1.100096,100,true
SYNTHETIC_EUR_USD,1m,2025-01-02T10:13:00+00:00,1.100096,1.100185,1.100010,1.100051,100,true
SYNTHETIC_EUR_USD,1m,2025-01-02T10:14:00+00:00,1.100051,1.100139,1.099915,1.099989,100,true
SYNTHETIC_EUR_USD,1m,2025-01-02T10:15:00+00:00,1.099989,1.100070,1.099673,1.099727,100,true
SYNTHETIC_EUR_USD,1m,2025-01-02T10:16:00+00:00,1.099727,1.099789,1.099623,1.099699,100,true
SYNTHETIC_EUR_USD,1m,2025-01-02T10:17:00+00:00,1.099699,1.099740,1.099251,1.099345,100,true
SYNTHETIC_EUR_USD,1m,2025-01-02T10:18:00+00:00,1.099345,1.099367,1.099147,1.099184,100,true
SYNTHETIC_EUR_USD,1m,2025-01-02T10:19:00+00:00,1.099184,1.099209,1.098761,1.098782,100,true
SYNTHETIC_EUR_USD,1m,2025-01-02T10:20:00+00:00,1.098782,1.098797,1.098542,1.098559,100,true
SYNTHETIC_EUR_USD,1m,2025-01-02T10:21:00+00:00,1.098559,1.098611,1.098120,1.098205,100,true
SYNTHETIC_EUR_USD,1m,2025-01-02T10:22:00+00:00,1.098205,1.098232,1.097639,1.097717,100,true
SYNTHETIC_EUR_USD,1m,2025-01-02T10:23:00+00:00,1.097717,1.097810,1.097481,1.097576,100,true
SYNTHETIC_EUR_USD,1m,2025-01-02T10:24:00+00:00,1.097576,1.097673,1.097410,1.097442,100,true
SYNTHETIC_EUR_USD,1m,2025-01-02T10:25:00+00:00,1.097442,1.097481,1.097182,1.097230,100,true
SYNTHETIC_EUR_USD,1m,2025-01-02T10:26:00+00:00,1.097230,1.097335,1.096927,1.096997,100,true
SYNTHETIC_EUR_USD,1m,2025-01-02T10:27:00+00:00,1.096997,1.097054,1.096825,1.096936,100,true
SYNTHETIC_EUR_USD,1m,2025-01-02T10:28:00+00:00,1.096936,1.096988,1.096818,1.096863,100,true
SYNTHETIC_EUR_USD,1m,2025-01-02T10:29:00+00:00,1.096863,1.096876,1.096658,1.096729,100,true
SYNTHETIC_EUR_USD,1m,2025-01-02T10:30:00+00:00,1.096729,1.096914,1.096686,1.096809,100,true
SYNTHETIC_EUR_USD,1m,2025-01-02T10:31:00+00:00,1.096809,1.096834,1.096693,1.096782,100,true
SYNTHETIC_EUR_USD,1m,2025-01-02T10:32:00+00:00,1.096782,1.096845,1.096659,1.096681,100,true
SYNTHETIC_EUR_USD,1m,2025-01-02T10:33:00+00:00,1.096681,1.096767,1.096583,1.096656,100,true
SYNTHETIC_EUR_USD,1m,2025-01-02T10:34:00+00:00,1.096656,1.096718,1.096468,1.096572,100,true
SYNTHETIC_EUR_USD,1m,2025-01-02T10:35:00+00:00,1.096572,1.096636,1.096425,1.096542,100,true
SYNTHETIC_EUR_USD,1m,2025-01-02T10:36:00+00:00,1.096542,1.096716,1.096493,1.096638,100,true
SYNTHETIC_EUR_USD,1m,2025-01-02T10:37:00+00:00,1.096638,1.096867,1.096624,1.096854,100,true
SYNTHETIC_EUR_USD,1m,2025-01-02T10:38:00+00:00,1.096854,1.097059,1.096806,1.096957,100,true
SYNTHETIC_EUR_USD,1m,2025-01-02T10:39:00+00:00,1.096957,1.097184,1.096910,1.097076,100,true
SYNTHETIC_EUR_USD,1m,2025-01-02T10:40:00+00:00,1.097076,1.097187,1.097028,1.097167,100,true
SYNTHETIC_EUR_USD,1m,2025-01-02T10:41:00+00:00,1.097167,1.097293,1.097129,1.097211,100,true
SYNTHETIC_EUR_USD,1m,2025-01-02T10:42:00+00:00,1.097211,1.097485,1.097135,1.097403,100,true
SYNTHETIC_EUR_USD,1m,2025-01-02T10:43:00+00:00,1.097403,1.097578,1.097356,1.097534,100,true
SYNTHETIC_EUR_USD,1m,2025-01-02T10:44:00+00:00,1.097534,1.097602,1.097488,1.097589,100,true
SYNTHETIC_EUR_USD,1m,2025-01-02T10:45:00+00:00,1.097589,1.097662,1.097309,1.097418,100,true
SYNTHETIC_EUR_USD,1m,2025-01-02T10:46:00+00:00,1.097418,1.097556,1.097332,1.097517,100,true
SYNTHETIC_EUR_USD,1m,2025-01-02T10:47:00+00:00,1.097517,1.097569,1.097185,1.097238,100,true
SYNTHETIC_EUR_USD,1m,2025-01-02T10:48:00+00:00,1.097238,1.097311,1.096950,1.097049,100,true
SYNTHETIC_EUR_USD,1m,2025-01-02T10:49:00+00:00,1.097049,1.097211,1.096983,1.097164,100,true
SYNTHETIC_EUR_USD,1m,2025-01-02T10:50:00+00:00,1.097164,1.097308,1.097117,1.097214,100,true
SYNTHETIC_EUR_USD,1m,2025-01-02T10:51:00+00:00,1.097214,1.097272,1.096982,1.097047,100,true
SYNTHETIC_EUR_USD,1m,2025-01-02T10:52:00+00:00,1.097047,1.097150,1.096768,1.096864,100,true
SYNTHETIC_EUR_USD,1m,2025-01-02T10:53:00+00:00,1.096864,1.096906,1.096798,1.096813,100,true
SYNTHETIC_EUR_USD,1m,2025-01-02T10:54:00+00:00,1.096813,1.096933,1.096480,1.096534,100,true
SYNTHETIC_EUR_USD,1m,2025-01-02T10:55:00+00:00,1.096534,1.096554,1.096286,1.096389,100,true
SYNTHETIC_EUR_USD,1m,2025-01-02T10:56:00+00:00,1.096389,1.096412,1.096342,1.096391,100,true
SYNTHETIC_EUR_USD,1m,2025-01-02T10:57:00+00:00,1.096391,1.096454,1.096346,1.096379,100,true
SYNTHETIC_EUR_USD,1m,2025-01-02T10:58:00+00:00,1.096379,1.096476,1.096164,1.096245,100,true
SYNTHETIC_EUR_USD,1m,2025-01-02T10:59:00+00:00,1.096245,1.096303,1.095875,1.095944,100,true
SYNTHETIC_EUR_USD,1m,2025-01-02T11:00:00+00:00,1.095944,1.095976,1.095858,1.095912,100,true
SYNTHETIC_EUR_USD,1m,2025-01-02T11:01:00+00:00,1.095912,1.096006,1.095609,1.095639,100,true
SYNTHETIC_EUR_USD,1m,2025-01-02T11:02:00+00:00,1.095639,1.095651,1.095280,1.095367,100,true
SYNTHETIC_EUR_USD,1m,2025-01-02T11:03:00+00:00,1.095367,1.095400,1.095180,1.095296,100,true
SYNTHETIC_EUR_USD,1m,2025-01-02T11:04:00+00:00,1.095296,1.095387,1.094949,1.095011,100,true
SYNTHETIC_EUR_USD,1m,2025-01-02T11:05:00+00:00,1.095011,1.095088,1.094899,1.094994,100,true
SYNTHETIC_EUR_USD,1m,2025-01-02T11:06:00+00:00,1.094994,1.095052,1.094726,1.094798,100,true
SYNTHETIC_EUR_USD,1m,2025-01-02T11:07:00+00:00,1.094798,1.094848,1.094549,1.094576,100,true
SYNTHETIC_EUR_USD,1m,2025-01-02T11:08:00+00:00,1.094576,1.094602,1.094285,1.094371,100,true
SYNTHETIC_EUR_USD,1m,2025-01-02T11:09:00+00:00,1.094371,1.094416,1.094151,1.094253,100,true
SYNTHETIC_EUR_USD,1m,2025-01-02T11:10:00+00:00,1.094253,1.094337,1.094220,1.094320,100,true
SYNTHETIC_EUR_USD,1m,2025-01-02T11:11:00+00:00,1.094320,1.094401,1.094062,1.094100,100,true
SYNTHETIC_EUR_USD,1m,2025-01-02T11:12:00+00:00,1.094100,1.094289,1.094045,1.094213,100,true
SYNTHETIC_EUR_USD,1m,2025-01-02T11:13:00+00:00,1.094213,1.094331,1.094112,1.094294,100,true
SYNTHETIC_EUR_USD,1m,2025-01-02T11:14:00+00:00,1.094294,1.094453,1.094223,1.094392,100,true
SYNTHETIC_EUR_USD,1m,2025-01-02T11:15:00+00:00,1.094392,1.094406,1.094277,1.094304,100,true
SYNTHETIC_EUR_USD,1m,2025-01-02T11:16:00+00:00,1.094304,1.094491,1.094266,1.094466,100,true
SYNTHETIC_EUR_USD,1m,2025-01-02T11:17:00+00:00,1.094466,1.094668,1.094362,1.094639,100,true
SYNTHETIC_EUR_USD,1m,2025-01-02T11:18:00+00:00,1.094639,1.094755,1.094543,1.094606,100,true
SYNTHETIC_EUR_USD,1m,2025-01-02T11:19:00+00:00,1.094606,1.095011,1.094530,1.094992,100,true
SYNTHETIC_EUR_USD,1m,2025-01-02T11:20:00+00:00,1.094992,1.095289,1.094883,1.095184,100,true
SYNTHETIC_EUR_USD,1m,2025-01-02T11:21:00+00:00,1.095184,1.095342,1.095164,1.095260,100,true
SYNTHETIC_EUR_USD,1m,2025-01-02T11:22:00+00:00,1.095260,1.095614,1.095170,1.095501,100,true
SYNTHETIC_EUR_USD,1m,2025-01-02T11:23:00+00:00,1.095501,1.095808,1.095388,1.095718,100,true
SYNTHETIC_EUR_USD,1m,2025-01-02T11:24:00+00:00,1.095718,1.096009,1.095616,1.095941,100,true
SYNTHETIC_EUR_USD,1m,2025-01-02T11:25:00+00:00,1.095941,1.096417,1.095834,1.096379,100,true
SYNTHETIC_EUR_USD,1m,2025-01-02T11:26:00+00:00,1.096379,1.096494,1.096356,1.096458,100,true
SYNTHETIC_EUR_USD,1m,2025-01-02T11:27:00+00:00,1.096458,1.096723,1.096405,1.096649,100,true
SYNTHETIC_EUR_USD,1m,2025-01-02T11:28:00+00:00,1.096649,1.096779,1.096613,1.096687,100,true
SYNTHETIC_EUR_USD,1m,2025-01-02T11:29:00+00:00,1.096687,1.096777,1.096570,1.096748,100,true
SYNTHETIC_EUR_USD,1m,2025-01-02T11:30:00+00:00,1.096748,1.096938,1.096710,1.096880,100,true
SYNTHETIC_EUR_USD,1m,2025-01-02T11:31:00+00:00,1.096880,1.096931,1.096726,1.096840,100,true
SYNTHETIC_EUR_USD,1m,2025-01-02T11:32:00+00:00,1.096840,1.096885,1.096763,1.096820,100,true
SYNTHETIC_EUR_USD,1m,2025-01-02T11:33:00+00:00,1.096820,1.096927,1.096610,1.096723,100,true
SYNTHETIC_EUR_USD,1m,2025-01-02T11:34:00+00:00,1.096723,1.096773,1.096356,1.096445,100,true
SYNTHETIC_EUR_USD,1m,2025-01-02T11:35:00+00:00,1.096445,1.096561,1.096357,1.096434,100,true
SYNTHETIC_EUR_USD,1m,2025-01-02T11:36:00+00:00,1.096434,1.096536,1.096281,1.096364,100,true
SYNTHETIC_EUR_USD,1m,2025-01-02T11:37:00+00:00,1.096364,1.096561,1.096328,1.096464,100,true
SYNTHETIC_EUR_USD,1m,2025-01-02T11:38:00+00:00,1.096464,1.096535,1.096259,1.096303,100,true
SYNTHETIC_EUR_USD,1m,2025-01-02T11:39:00+00:00,1.096303,1.096402,1.096274,1.096298,100,true
SYNTHETIC_EUR_USD,1m,2025-01-02T11:40:00+00:00,1.096298,1.096403,1.096030,1.096135,100,true
SYNTHETIC_EUR_USD,1m,2025-01-02T11:41:00+00:00,1.096135,1.096188,1.095666,1.095784,100,true
SYNTHETIC_EUR_USD,1m,2025-01-02T11:42:00+00:00,1.095784,1.095830,1.095764,1.095791,100,true
SYNTHETIC_EUR_USD,1m,2025-01-02T11:43:00+00:00,1.095791,1.095825,1.095551,1.095659,100,true
SYNTHETIC_EUR_USD,1m,2025-01-02T11:44:00+00:00,1.095659,1.095769,1.095323,1.095402,100,true
SYNTHETIC_EUR_USD,1m,2025-01-02T11:45:00+00:00,1.095402,1.095457,1.095357,1.095371,100,true
SYNTHETIC_EUR_USD,1m,2025-01-02T11:46:00+00:00,1.095371,1.095476,1.094951,1.095052,100,true
SYNTHETIC_EUR_USD,1m,2025-01-02T11:47:00+00:00,1.095052,1.095107,1.094901,1.095004,100,true
SYNTHETIC_EUR_USD,1m,2025-01-02T11:48:00+00:00,1.095004,1.095093,1.094683,1.094789,100,true
SYNTHETIC_EUR_USD,1m,2025-01-02T11:49:00+00:00,1.094789,1.094876,1.094666,1.094732,100,true
SYNTHETIC_EUR_USD,1m,2025-01-02T11:50:00+00:00,1.094732,1.094780,1.094315,1.094391,100,true
SYNTHETIC_EUR_USD,1m,2025-01-02T11:51:00+00:00,1.094391,1.094451,1.094334,1.094347,100,true
SYNTHETIC_EUR_USD,1m,2025-01-02T11:52:00+00:00,1.094347,1.094362,1.093985,1.094066,100,true
SYNTHETIC_EUR_USD,1m,2025-01-02T11:53:00+00:00,1.094066,1.094091,1.093788,1.093843,100,true
SYNTHETIC_EUR_USD,1m,2025-01-02T11:54:00+00:00,1.093843,1.093922,1.093589,1.093634,100,true
SYNTHETIC_EUR_USD,1m,2025-01-02T11:55:00+00:00,1.093634,1.093733,1.093517,1.093666,100,true
SYNTHETIC_EUR_USD,1m,2025-01-02T11:56:00+00:00,1.093666,1.093798,1.093572,1.093697,100,true
SYNTHETIC_EUR_USD,1m,2025-01-02T11:57:00+00:00,1.093697,1.093921,1.093652,1.093824,100,true
SYNTHETIC_EUR_USD,1m,2025-01-02T11:58:00+00:00,1.093824,1.093886,1.093631,1.093722,100,true
SYNTHETIC_EUR_USD,1m,2025-01-02T11:59:00+00:00,1.093722,1.093882,1.093624,1.093781,100,true
SYNTHETIC_EUR_USD,1m,2025-01-02T12:00:00+00:00,1.093781,1.094090,1.093725,1.094058,100,true
SYNTHETIC_EUR_USD,1m,2025-01-02T12:01:00+00:00,1.094058,1.094389,1.093951,1.094275,100,true
SYNTHETIC_EUR_USD,1m,2025-01-02T12:02:00+00:00,1.094275,1.094667,1.094161,1.094632,100,true
SYNTHETIC_EUR_USD,1m,2025-01-02T12:03:00+00:00,1.094632,1.095014,1.094522,1.094935,100,true
SYNTHETIC_EUR_USD,1m,2025-01-02T12:04:00+00:00,1.094935,1.095134,1.094903,1.095017,100,true
SYNTHETIC_EUR_USD,1m,2025-01-02T12:05:00+00:00,1.095017,1.095221,1.094960,1.095167,100,true
SYNTHETIC_EUR_USD,1m,2025-01-02T12:06:00+00:00,1.095167,1.095314,1.095147,1.095275,100,true
SYNTHETIC_EUR_USD,1m,2025-01-02T12:07:00+00:00,1.095275,1.095298,1.095169,1.095258,100,true
SYNTHETIC_EUR_USD,1m,2025-01-02T12:08:00+00:00,1.095258,1.095710,1.095147,1.095652,100,true
SYNTHETIC_EUR_USD,1m,2025-01-02T12:09:00+00:00,1.095652,1.095676,1.095563,1.095653,100,true
SYNTHETIC_EUR_USD,1m,2025-01-02T12:10:00+00:00,1.095653,1.095901,1.095549,1.095870,100,true
SYNTHETIC_EUR_USD,1m,2025-01-02T12:11:00+00:00,1.095870,1.096107,1.095846,1.096043,100,true
SYNTHETIC_EUR_USD,1m,2025-01-02T12:12:00+00:00,1.096043,1.096188,1.095967,1.096084,100,true
SYNTHETIC_EUR_USD,1m,2025-01-02T12:13:00+00:00,1.096084,1.096387,1.096028,1.096302,100,true
SYNTHETIC_EUR_USD,1m,2025-01-02T12:14:00+00:00,1.096302,1.096454,1.096276,1.096399,100,true
SYNTHETIC_EUR_USD,1m,2025-01-02T12:15:00+00:00,1.096399,1.096532,1.096290,1.096454,100,true
SYNTHETIC_EUR_USD,1m,2025-01-02T12:16:00+00:00,1.096454,1.096649,1.096368,1.096598,100,true
SYNTHETIC_EUR_USD,1m,2025-01-02T12:17:00+00:00,1.096598,1.096635,1.096552,1.096610,100,true
SYNTHETIC_EUR_USD,1m,2025-01-02T12:18:00+00:00,1.096610,1.096704,1.096525,1.096618,100,true
SYNTHETIC_EUR_USD,1m,2025-01-02T12:19:00+00:00,1.096618,1.096709,1.096514,1.096552,100,true
SYNTHETIC_EUR_USD,1m,2025-01-02T12:20:00+00:00,1.096552,1.096573,1.096305,1.096321,100,true
SYNTHETIC_EUR_USD,1m,2025-01-02T12:21:00+00:00,1.096321,1.096431,1.096086,1.096206,100,true
SYNTHETIC_EUR_USD,1m,2025-01-02T12:22:00+00:00,1.096206,1.096319,1.096071,1.096187,100,true
SYNTHETIC_EUR_USD,1m,2025-01-02T12:23:00+00:00,1.096187,1.096202,1.095871,1.095909,100,true
SYNTHETIC_EUR_USD,1m,2025-01-02T12:24:00+00:00,1.095909,1.095987,1.095616,1.095660,100,true
SYNTHETIC_EUR_USD,1m,2025-01-02T12:25:00+00:00,1.095660,1.095776,1.095347,1.095419,100,true
SYNTHETIC_EUR_USD,1m,2025-01-02T12:26:00+00:00,1.095419,1.095493,1.095289,1.095327,100,true
SYNTHETIC_EUR_USD,1m,2025-01-02T12:27:00+00:00,1.095327,1.095434,1.094854,1.094879,100,true
SYNTHETIC_EUR_USD,1m,2025-01-02T12:28:00+00:00,1.094879,1.094924,1.094626,1.094694,100,true
SYNTHETIC_EUR_USD,1m,2025-01-02T12:29:00+00:00,1.094694,1.094709,1.094528,1.094552,100,true
SYNTHETIC_EUR_USD,1m,2025-01-02T12:30:00+00:00,1.094552,1.094658,1.094318,1.094420,100,true
SYNTHETIC_EUR_USD,1m,2025-01-02T12:31:00+00:00,1.094420,1.094461,1.094136,1.094243,100,true
SYNTHETIC_EUR_USD,1m,2025-01-02T12:32:00+00:00,1.094243,1.094320,1.093710,1.093804,100,true
SYNTHETIC_EUR_USD,1m,2025-01-02T12:33:00+00:00,1.093804,1.093912,1.093597,1.093642,100,true
SYNTHETIC_EUR_USD,1m,2025-01-02T12:34:00+00:00,1.093642,1.093761,1.093513,1.093607,100,true
SYNTHETIC_EUR_USD,1m,2025-01-02T12:35:00+00:00,1.093607,1.093706,1.093510,1.093624,100,true
SYNTHETIC_EUR_USD,1m,2025-01-02T12:36:00+00:00,1.093624,1.093731,1.093598,1.093715,100,true
SYNTHETIC_EUR_USD,1m,2025-01-02T12:37:00+00:00,1.093715,1.093754,1.093554,1.093642,100,true
SYNTHETIC_EUR_USD,1m,2025-01-02T12:38:00+00:00,1.093642,1.093700,1.093501,1.093621,100,true
SYNTHETIC_EUR_USD,1m,2025-01-02T12:39:00+00:00,1.093621,1.093672,1.093533,1.093623,100,true
SYNTHETIC_EUR_USD,1m,2025-01-02T12:40:00+00:00,1.093623,1.093686,1.093541,1.093605,100,true
SYNTHETIC_EUR_USD,1m,2025-01-02T12:41:00+00:00,1.093605,1.093788,1.093584,1.093764,100,true
SYNTHETIC_EUR_USD,1m,2025-01-02T12:42:00+00:00,1.093764,1.093869,1.093583,1.093613,100,true
SYNTHETIC_EUR_USD,1m,2025-01-02T12:43:00+00:00,1.093613,1.093796,1.093505,1.093756,100,true
SYNTHETIC_EUR_USD,1m,2025-01-02T12:44:00+00:00,1.093756,1.094050,1.093681,1.093975,100,true
SYNTHETIC_EUR_USD,1m,2025-01-02T12:45:00+00:00,1.093975,1.094308,1.093919,1.094235,100,true
SYNTHETIC_EUR_USD,1m,2025-01-02T12:46:00+00:00,1.094235,1.094362,1.094141,1.094343,100,true
SYNTHETIC_EUR_USD,1m,2025-01-02T12:47:00+00:00,1.094343,1.094395,1.094258,1.094382,100,true
SYNTHETIC_EUR_USD,1m,2025-01-02T12:48:00+00:00,1.094382,1.094467,1.094266,1.094320,100,true
SYNTHETIC_EUR_USD,1m,2025-01-02T12:49:00+00:00,1.094320,1.094422,1.094216,1.094243,100,true
SYNTHETIC_EUR_USD,1m,2025-01-02T12:50:00+00:00,1.094243,1.094281,1.094141,1.094262,100,true
SYNTHETIC_EUR_USD,1m,2025-01-02T12:51:00+00:00,1.094262,1.094486,1.094187,1.094371,100,true
SYNTHETIC_EUR_USD,1m,2025-01-02T12:52:00+00:00,1.094371,1.094449,1.094254,1.094438,100,true
SYNTHETIC_EUR_USD,1m,2025-01-02T12:53:00+00:00,1.094438,1.094494,1.094348,1.094448,100,true
SYNTHETIC_EUR_USD,1m,2025-01-02T12:54:00+00:00,1.094448,1.094539,1.094253,1.094368,100,true
SYNTHETIC_EUR_USD,1m,2025-01-02T12:55:00+00:00,1.094368,1.094461,1.094287,1.094446,100,true
SYNTHETIC_EUR_USD,1m,2025-01-02T12:56:00+00:00,1.094446,1.094594,1.094430,1.094549,100,true
SYNTHETIC_EUR_USD,1m,2025-01-02T12:57:00+00:00,1.094549,1.094988,1.094495,1.094936,100,true
SYNTHETIC_EUR_USD,1m,2025-01-02T12:58:00+00:00,1.094936,1.095192,1.094820,1.095162,100,true
SYNTHETIC_EUR_USD,1m,2025-01-02T12:59:00+00:00,1.095162,1.095378,1.095135,1.095274,100,true
SYNTHETIC_EUR_USD,1m,2025-01-02T13:00:00+00:00,1.095274,1.095384,1.095233,1.095289,100,true
SYNTHETIC_EUR_USD,1m,2025-01-02T13:01:00+00:00,1.095289,1.095343,1.095225,1.095320,100,true
SYNTHETIC_EUR_USD,1m,2025-01-02T13:02:00+00:00,1.095320,1.095377,1.095049,1.095148,100,true
SYNTHETIC_EUR_USD,1m,2025-01-02T13:03:00+00:00,1.095148,1.095172,1.094974,1.095058,100,true
SYNTHETIC_EUR_USD,1m,2025-01-02T13:04:00+00:00,1.095058,1.095280,1.094991,1.095179,100,true
SYNTHETIC_EUR_USD,1m,2025-01-02T13:05:00+00:00,1.095179,1.095241,1.094785,1.094857,100,true
SYNTHETIC_EUR_USD,1m,2025-01-02T13:06:00+00:00,1.094857,1.094914,1.094685,1.094779,100,true
SYNTHETIC_EUR_USD,1m,2025-01-02T13:07:00+00:00,1.094779,1.094836,1.094668,1.094725,100,true
SYNTHETIC_EUR_USD,1m,2025-01-02T13:08:00+00:00,1.094725,1.094739,1.094389,1.094437,100,true
SYNTHETIC_EUR_USD,1m,2025-01-02T13:09:00+00:00,1.094437,1.094522,1.094177,1.094204,100,true
SYNTHETIC_EUR_USD,1m,2025-01-02T13:10:00+00:00,1.094204,1.094268,1.093981,1.094060,100,true
SYNTHETIC_EUR_USD,1m,2025-01-02T13:11:00+00:00,1.094060,1.094119,1.093680,1.093790,100,true
SYNTHETIC_EUR_USD,1m,2025-01-02T13:12:00+00:00,1.093790,1.093853,1.093571,1.093597,100,true
SYNTHETIC_EUR_USD,1m,2025-01-02T13:13:00+00:00,1.093597,1.093700,1.093530,1.093597,100,true
SYNTHETIC_EUR_USD,1m,2025-01-02T13:14:00+00:00,1.093597,1.093648,1.093582,1.093605,100,true
SYNTHETIC_EUR_USD,1m,2025-01-02T13:15:00+00:00,1.093605,1.093627,1.093407,1.093464,100,true
SYNTHETIC_EUR_USD,1m,2025-01-02T13:16:00+00:00,1.093464,1.093484,1.093233,1.093316,100,true
SYNTHETIC_EUR_USD,1m,2025-01-02T13:17:00+00:00,1.093316,1.093354,1.093061,1.093080,100,true
SYNTHETIC_EUR_USD,1m,2025-01-02T13:18:00+00:00,1.093080,1.093145,1.092881,1.092904,100,true
SYNTHETIC_EUR_USD,1m,2025-01-02T13:19:00+00:00,1.092904,1.092934,1.092691,1.092744,100,true
SYNTHETIC_EUR_USD,1m,2025-01-02T13:20:00+00:00,1.092744,1.092763,1.092474,1.092581,100,true
SYNTHETIC_EUR_USD,1m,2025-01-02T13:21:00+00:00,1.092581,1.092641,1.092373,1.092457,100,true
SYNTHETIC_EUR_USD,1m,2025-01-02T13:22:00+00:00,1.092457,1.092635,1.092417,1.092556,100,true
SYNTHETIC_EUR_USD,1m,2025-01-02T13:23:00+00:00,1.092556,1.092796,1.092526,1.092766,100,true
SYNTHETIC_EUR_USD,1m,2025-01-02T13:24:00+00:00,1.092766,1.092858,1.092636,1.092713,100,true
SYNTHETIC_EUR_USD,1m,2025-01-02T13:25:00+00:00,1.092713,1.092844,1.092702,1.092775,100,true
SYNTHETIC_EUR_USD,1m,2025-01-02T13:26:00+00:00,1.092775,1.092805,1.092746,1.092782,100,true
SYNTHETIC_EUR_USD,1m,2025-01-02T13:27:00+00:00,1.092782,1.092888,1.092556,1.092673,100,true
SYNTHETIC_EUR_USD,1m,2025-01-02T13:28:00+00:00,1.092673,1.092871,1.092609,1.092794,100,true
SYNTHETIC_EUR_USD,1m,2025-01-02T13:29:00+00:00,1.092794,1.092844,1.092588,1.092672,100,true
SYNTHETIC_EUR_USD,1m,2025-01-02T13:30:00+00:00,1.092672,1.092758,1.092533,1.092587,100,true
SYNTHETIC_EUR_USD,1m,2025-01-02T13:31:00+00:00,1.092587,1.092728,1.092565,1.092717,100,true
SYNTHETIC_EUR_USD,1m,2025-01-02T13:32:00+00:00,1.092717,1.092950,1.092600,1.092938,100,true
SYNTHETIC_EUR_USD,1m,2025-01-02T13:33:00+00:00,1.092938,1.093244,1.092857,1.093162,100,true
SYNTHETIC_EUR_USD,1m,2025-01-02T13:34:00+00:00,1.093162,1.093334,1.093083,1.093276,100,true
SYNTHETIC_EUR_USD,1m,2025-01-02T13:35:00+00:00,1.093276,1.093519,1.093215,1.093476,100,true
SYNTHETIC_EUR_USD,1m,2025-01-02T13:36:00+00:00,1.093476,1.093641,1.093463,1.093579,100,true
SYNTHETIC_EUR_USD,1m,2025-01-02T13:37:00+00:00,1.093579,1.093874,1.093463,1.093787,100,true
SYNTHETIC_EUR_USD,1m,2025-01-02T13:38:00+00:00,1.093787,1.094073,1.093682,1.094011,100,true
SYNTHETIC_EUR_USD,1m,2025-01-02T13:39:00+00:00,1.094011,1.094167,1.093909,1.094094,100,true
SYNTHETIC_EUR_USD,1m,2025-01-02T13:40:00+00:00,1.094094,1.094207,1.094084,1.094191,100,true
SYNTHETIC_EUR_USD,1m,2025-01-02T13:41:00+00:00,1.094191,1.094309,1.094078,1.094181,100,true
SYNTHETIC_EUR_USD,1m,2025-01-02T13:42:00+00:00,1.094181,1.094272,1.094066,1.094142,100,true
SYNTHETIC_EUR_USD,1m,2025-01-02T13:43:00+00:00,1.094142,1.094205,1.094061,1.094125,100,true
SYNTHETIC_EUR_USD,1m,2025-01-02T13:44:00+00:00,1.094125,1.094220,1.094048,1.094145,100,true
SYNTHETIC_EUR_USD,1m,2025-01-02T13:45:00+00:00,1.094145,1.094208,1.093988,1.094077,100,true
SYNTHETIC_EUR_USD,1m,2025-01-02T13:46:00+00:00,1.094077,1.094145,1.093823,1.093880,100,true
SYNTHETIC_EUR_USD,1m,2025-01-02T13:47:00+00:00,1.093880,1.093988,1.093783,1.093839,100,true
SYNTHETIC_EUR_USD,1m,2025-01-02T13:48:00+00:00,1.093839,1.093901,1.093766,1.093830,100,true
SYNTHETIC_EUR_USD,1m,2025-01-02T13:49:00+00:00,1.093830,1.093947,1.093818,1.093860,100,true
SYNTHETIC_EUR_USD,1m,2025-01-02T13:50:00+00:00,1.093860,1.093902,1.093692,1.093723,100,true
SYNTHETIC_EUR_USD,1m,2025-01-02T13:51:00+00:00,1.093723,1.093757,1.093449,1.093559,100,true
SYNTHETIC_EUR_USD,1m,2025-01-02T13:52:00+00:00,1.093559,1.093606,1.093420,1.093496,100,true
SYNTHETIC_EUR_USD,1m,2025-01-02T13:53:00+00:00,1.093496,1.093521,1.093400,1.093443,100,true
SYNTHETIC_EUR_USD,1m,2025-01-02T13:54:00+00:00,1.093443,1.093531,1.093017,1.093133,100,true
SYNTHETIC_EUR_USD,1m,2025-01-02T13:55:00+00:00,1.093133,1.093224,1.092953,1.093050,100,true
SYNTHETIC_EUR_USD,1m,2025-01-02T13:56:00+00:00,1.093050,1.093148,1.092614,1.092717,100,true
SYNTHETIC_EUR_USD,1m,2025-01-02T13:57:00+00:00,1.092717,1.092809,1.092383,1.092466,100,true
SYNTHETIC_EUR_USD,1m,2025-01-02T13:58:00+00:00,1.092466,1.092491,1.092188,1.092220,100,true
SYNTHETIC_EUR_USD,1m,2025-01-02T13:59:00+00:00,1.092220,1.092276,1.091884,1.092003,100,true
SYNTHETIC_EUR_USD,1m,2025-01-02T14:00:00+00:00,1.092003,1.092047,1.091772,1.091805,100,true
SYNTHETIC_EUR_USD,1m,2025-01-02T14:01:00+00:00,1.091805,1.091912,1.091625,1.091674,100,true
SYNTHETIC_EUR_USD,1m,2025-01-02T14:02:00+00:00,1.091674,1.091702,1.091442,1.091543,100,true
SYNTHETIC_EUR_USD,1m,2025-01-02T14:03:00+00:00,1.091543,1.091560,1.091391,1.091448,100,true
SYNTHETIC_EUR_USD,1m,2025-01-02T14:04:00+00:00,1.091448,1.091526,1.091307,1.091330,100,true
SYNTHETIC_EUR_USD,1m,2025-01-02T14:05:00+00:00,1.091330,1.091378,1.091219,1.091268,100,true
SYNTHETIC_EUR_USD,1m,2025-01-02T14:06:00+00:00,1.091268,1.091322,1.091162,1.091307,100,true
SYNTHETIC_EUR_USD,1m,2025-01-02T14:07:00+00:00,1.091307,1.091393,1.091205,1.091272,100,true
SYNTHETIC_EUR_USD,1m,2025-01-02T14:08:00+00:00,1.091272,1.091422,1.091184,1.091338,100,true
SYNTHETIC_EUR_USD,1m,2025-01-02T14:09:00+00:00,1.091338,1.091538,1.091236,1.091477,100,true
SYNTHETIC_EUR_USD,1m,2025-01-02T14:10:00+00:00,1.091477,1.091499,1.091447,1.091469,100,true
SYNTHETIC_EUR_USD,1m,2025-01-02T14:11:00+00:00,1.091469,1.091583,1.091280,1.091381,100,true
SYNTHETIC_EUR_USD,1m,2025-01-02T14:12:00+00:00,1.091381,1.091395,1.091321,1.091342,100,true
SYNTHETIC_EUR_USD,1m,2025-01-02T14:13:00+00:00,1.091342,1.091452,1.091265,1.091292,100,true
SYNTHETIC_EUR_USD,1m,2025-01-02T14:14:00+00:00,1.091292,1.091334,1.091192,1.091250,100,true
SYNTHETIC_EUR_USD,1m,2025-01-02T14:15:00+00:00,1.091250,1.091271,1.091125,1.091206,100,true
SYNTHETIC_EUR_USD,1m,2025-01-02T14:16:00+00:00,1.091206,1.091408,1.091181,1.091361,100,true
SYNTHETIC_EUR_USD,1m,2025-01-02T14:17:00+00:00,1.091361,1.091664,1.091267,1.091608,100,true
SYNTHETIC_EUR_USD,1m,2025-01-02T14:18:00+00:00,1.091608,1.091718,1.091509,1.091681,100,true
SYNTHETIC_EUR_USD,1m,2025-01-02T14:19:00+00:00,1.091681,1.091803,1.091630,1.091784,100,true
SYNTHETIC_EUR_USD,1m,2025-01-02T14:20:00+00:00,1.091784,1.092175,1.091734,1.092082,100,true
SYNTHETIC_EUR_USD,1m,2025-01-02T14:21:00+00:00,1.092082,1.092231,1.092026,1.092138,100,true
SYNTHETIC_EUR_USD,1m,2025-01-02T14:22:00+00:00,1.092138,1.092174,1.092007,1.092106,100,true
SYNTHETIC_EUR_USD,1m,2025-01-02T14:23:00+00:00,1.092106,1.092166,1.091803,1.091907,100,true
SYNTHETIC_EUR_USD,1m,2025-01-02T14:24:00+00:00,1.091907,1.092354,1.091857,1.092257,100,true
SYNTHETIC_EUR_USD,1m,2025-01-02T14:25:00+00:00,1.092257,1.092607,1.092158,1.092596,100,true
SYNTHETIC_EUR_USD,1m,2025-01-02T14:26:00+00:00,1.092596,1.092851,1.092577,1.092737,100,true
SYNTHETIC_EUR_USD,1m,2025-01-02T14:27:00+00:00,1.092737,1.092765,1.092348,1.092364,100,true
SYNTHETIC_EUR_USD,1m,2025-01-02T14:28:00+00:00,1.092364,1.093551,1.092282,1.093458,100,true
SYNTHETIC_EUR_USD,1m,2025-01-02T14:29:00+00:00,1.093458,1.093474,1.092862,1.092941,100,true
SYNTHETIC_EUR_USD,1m,2025-01-02T14:30:00+00:00,1.092941,1.093030,1.092190,1.092273,100,true
SYNTHETIC_EUR_USD,1m,2025-01-02T14:31:00+00:00,1.092273,1.092327,1.091832,1.091917,100,true
SYNTHETIC_EUR_USD,1m,2025-01-02T14:32:00+00:00,1.091917,1.091988,1.091783,1.091826,100,true
SYNTHETIC_EUR_USD,1m,2025-01-02T14:33:00+00:00,1.091826,1.091837,1.091672,1.091713,100,true
SYNTHETIC_EUR_USD,1m,2025-01-02T14:34:00+00:00,1.091713,1.091781,1.090630,1.090742,100,true
SYNTHETIC_EUR_USD,1m,2025-01-02T14:35:00+00:00,1.090742,1.090774,1.090422,1.090491,100,true
SYNTHETIC_EUR_USD,1m,2025-01-02T14:36:00+00:00,1.090491,1.090588,1.089861,1.089943,100,true
SYNTHETIC_EUR_USD,1m,2025-01-02T14:37:00+00:00,1.089943,1.090039,1.089467,1.089521,100,true
SYNTHETIC_EUR_USD,1m,2025-01-02T14:38:00+00:00,1.089521,1.089553,1.088524,1.088567,100,true
SYNTHETIC_EUR_USD,1m,2025-01-02T14:39:00+00:00,1.088567,1.088836,1.088476,1.088746,100,true
SYNTHETIC_EUR_USD,1m,2025-01-02T14:40:00+00:00,1.088746,1.088770,1.088532,1.088651,100,true
SYNTHETIC_EUR_USD,1m,2025-01-02T14:41:00+00:00,1.088651,1.088722,1.088366,1.088434,100,true
SYNTHETIC_EUR_USD,1m,2025-01-02T14:42:00+00:00,1.088434,1.088527,1.088400,1.088428,100,true
SYNTHETIC_EUR_USD,1m,2025-01-02T14:43:00+00:00,1.088428,1.089033,1.088391,1.088958,100,true
SYNTHETIC_EUR_USD,1m,2025-01-02T14:44:00+00:00,1.088958,1.089053,1.088828,1.088918,100,true
SYNTHETIC_EUR_USD,1m,2025-01-02T14:45:00+00:00,1.088918,1.088975,1.088867,1.088958,100,true
SYNTHETIC_EUR_USD,1m,2025-01-02T14:46:00+00:00,1.088958,1.089037,1.088756,1.088805,100,true
SYNTHETIC_EUR_USD,1m,2025-01-02T14:47:00+00:00,1.088805,1.089264,1.088763,1.089241,100,true
SYNTHETIC_EUR_USD,1m,2025-01-02T14:48:00+00:00,1.089241,1.089405,1.089181,1.089314,100,true
SYNTHETIC_EUR_USD,1m,2025-01-02T14:49:00+00:00,1.089314,1.090076,1.089241,1.089957,100,true
SYNTHETIC_EUR_USD,1m,2025-01-02T14:50:00+00:00,1.089957,1.090065,1.089748,1.089827,100,true
SYNTHETIC_EUR_USD,1m,2025-01-02T14:51:00+00:00,1.089827,1.089876,1.089232,1.089274,100,true
SYNTHETIC_EUR_USD,1m,2025-01-02T14:52:00+00:00,1.089274,1.089370,1.089072,1.089160,100,true
SYNTHETIC_EUR_USD,1m,2025-01-02T14:53:00+00:00,1.089160,1.089227,1.088850,1.088888,100,true
SYNTHETIC_EUR_USD,1m,2025-01-02T14:54:00+00:00,1.088888,1.088934,1.088303,1.088377,100,true
SYNTHETIC_EUR_USD,1m,2025-01-02T14:55:00+00:00,1.088377,1.088639,1.088289,1.088618,100,true
SYNTHETIC_EUR_USD,1m,2025-01-02T14:56:00+00:00,1.088618,1.088719,1.088355,1.088374,100,true
SYNTHETIC_EUR_USD,1m,2025-01-02T14:57:00+00:00,1.088374,1.089328,1.088315,1.089266,100,true
SYNTHETIC_EUR_USD,1m,2025-01-02T14:58:00+00:00,1.089266,1.089771,1.089198,1.089720,100,true
SYNTHETIC_EUR_USD,1m,2025-01-02T14:59:00+00:00,1.089720,1.089773,1.089420,1.089459,100,true
SYNTHETIC_EUR_USD,1m,2025-01-02T15:00:00+00:00,1.089459,1.089524,1.089311,1.089368,100,true
SYNTHETIC_EUR_USD,1m,2025-01-02T15:01:00+00:00,1.089368,1.089431,1.088562,1.088680,100,true
SYNTHETIC_EUR_USD,1m,2025-01-02T15:02:00+00:00,1.088680,1.089298,1.088654,1.089198,100,true
SYNTHETIC_EUR_USD,1m,2025-01-02T15:03:00+00:00,1.089198,1.089842,1.089110,1.089817,100,true
SYNTHETIC_EUR_USD,1m,2025-01-02T15:04:00+00:00,1.089817,1.090552,1.089794,1.090447,100,true
SYNTHETIC_EUR_USD,1m,2025-01-02T15:05:00+00:00,1.090447,1.090818,1.090334,1.090726,100,true
SYNTHETIC_EUR_USD,1m,2025-01-02T15:06:00+00:00,1.090726,1.091381,1.090611,1.091331,100,true
SYNTHETIC_EUR_USD,1m,2025-01-02T15:07:00+00:00,1.091331,1.091354,1.091081,1.091154,100,true
SYNTHETIC_EUR_USD,1m,2025-01-02T15:08:00+00:00,1.091154,1.091168,1.091019,1.091046,100,true
SYNTHETIC_EUR_USD,1m,2025-01-02T15:09:00+00:00,1.091046,1.091090,1.090253,1.090316,100,true
SYNTHETIC_EUR_USD,1m,2025-01-02T15:10:00+00:00,1.090316,1.091399,1.090291,1.091302,100,true
SYNTHETIC_EUR_USD,1m,2025-01-02T15:11:00+00:00,1.091302,1.091411,1.091164,1.091272,100,true
SYNTHETIC_EUR_USD,1m,2025-01-02T15:12:00+00:00,1.091272,1.091305,1.091156,1.091256,100,true
SYNTHETIC_EUR_USD,1m,2025-01-02T15:13:00+00:00,1.091256,1.091304,1.090973,1.091079,100,true
SYNTHETIC_EUR_USD,1m,2025-01-02T15:14:00+00:00,1.091079,1.091151,1.091006,1.091095,100,true
SYNTHETIC_EUR_USD,1m,2025-01-02T15:15:00+00:00,1.091095,1.091191,1.090222,1.090284,100,true
SYNTHETIC_EUR_USD,1m,2025-01-02T15:16:00+00:00,1.090284,1.090373,1.089813,1.089890,100,true
SYNTHETIC_EUR_USD,1m,2025-01-02T15:17:00+00:00,1.089890,1.089950,1.089792,1.089852,100,true
SYNTHETIC_EUR_USD,1m,2025-01-02T15:18:00+00:00,1.089852,1.089911,1.089177,1.089283,100,true
SYNTHETIC_EUR_USD,1m,2025-01-02T15:19:00+00:00,1.089283,1.089366,1.088784,1.088839,100,true
SYNTHETIC_EUR_USD,1m,2025-01-02T15:20:00+00:00,1.088839,1.089378,1.088786,1.089343,100,true
SYNTHETIC_EUR_USD,1m,2025-01-02T15:21:00+00:00,1.089343,1.089451,1.088127,1.088218,100,true
SYNTHETIC_EUR_USD,1m,2025-01-02T15:22:00+00:00,1.088218,1.088299,1.087693,1.087798,100,true
SYNTHETIC_EUR_USD,1m,2025-01-02T15:23:00+00:00,1.087798,1.087896,1.087399,1.087487,100,true
SYNTHETIC_EUR_USD,1m,2025-01-02T15:24:00+00:00,1.087487,1.087559,1.086783,1.086807,100,true
SYNTHETIC_EUR_USD,1m,2025-01-02T15:25:00+00:00,1.086807,1.086885,1.086310,1.086383,100,true
SYNTHETIC_EUR_USD,1m,2025-01-02T15:26:00+00:00,1.086383,1.086399,1.086037,1.086110,100,true
SYNTHETIC_EUR_USD,1m,2025-01-02T15:27:00+00:00,1.086110,1.086218,1.086082,1.086106,100,true
SYNTHETIC_EUR_USD,1m,2025-01-02T15:28:00+00:00,1.086106,1.086476,1.086076,1.086363,100,true
SYNTHETIC_EUR_USD,1m,2025-01-02T15:29:00+00:00,1.086363,1.086947,1.086276,1.086910,100,true
SYNTHETIC_EUR_USD,1m,2025-01-02T15:30:00+00:00,1.086910,1.087017,1.086798,1.086856,100,true
SYNTHETIC_EUR_USD,1m,2025-01-02T15:31:00+00:00,1.086856,1.086983,1.086841,1.086929,100,true
SYNTHETIC_EUR_USD,1m,2025-01-02T15:32:00+00:00,1.086929,1.087034,1.086306,1.086319,100,true
SYNTHETIC_EUR_USD,1m,2025-01-02T15:33:00+00:00,1.086319,1.086423,1.085816,1.085861,100,true
SYNTHETIC_EUR_USD,1m,2025-01-02T15:34:00+00:00,1.085861,1.086007,1.085838,1.085969,100,true
SYNTHETIC_EUR_USD,1m,2025-01-02T15:35:00+00:00,1.085969,1.086165,1.085930,1.086139,100,true
SYNTHETIC_EUR_USD,1m,2025-01-02T15:36:00+00:00,1.086139,1.086299,1.086095,1.086279,100,true
SYNTHETIC_EUR_USD,1m,2025-01-02T15:37:00+00:00,1.086279,1.086357,1.086055,1.086101,100,true
SYNTHETIC_EUR_USD,1m,2025-01-02T15:38:00+00:00,1.086101,1.086297,1.086084,1.086284,100,true
SYNTHETIC_EUR_USD,1m,2025-01-02T15:39:00+00:00,1.086284,1.086340,1.086042,1.086087,100,true
SYNTHETIC_EUR_USD,1m,2025-01-02T15:40:00+00:00,1.086087,1.086459,1.085986,1.086408,100,true
SYNTHETIC_EUR_USD,1m,2025-01-02T15:41:00+00:00,1.086408,1.086813,1.086333,1.086720,100,true
SYNTHETIC_EUR_USD,1m,2025-01-02T15:42:00+00:00,1.086720,1.087105,1.086627,1.087041,100,true
SYNTHETIC_EUR_USD,1m,2025-01-02T15:43:00+00:00,1.087041,1.087060,1.086980,1.087043,100,true
SYNTHETIC_EUR_USD,1m,2025-01-02T15:44:00+00:00,1.087043,1.087392,1.086980,1.087337,100,true
SYNTHETIC_EUR_USD,1m,2025-01-02T15:45:00+00:00,1.087337,1.087445,1.087226,1.087266,100,true
SYNTHETIC_EUR_USD,1m,2025-01-02T15:46:00+00:00,1.087266,1.087720,1.087181,1.087604,100,true
SYNTHETIC_EUR_USD,1m,2025-01-02T15:47:00+00:00,1.087604,1.087892,1.087560,1.087796,100,true
SYNTHETIC_EUR_USD,1m,2025-01-02T15:48:00+00:00,1.087796,1.088537,1.087777,1.088483,100,true
SYNTHETIC_EUR_USD,1m,2025-01-02T15:49:00+00:00,1.088483,1.088599,1.088427,1.088478,100,true
SYNTHETIC_EUR_USD,1m,2025-01-02T15:50:00+00:00,1.088478,1.088597,1.088343,1.088439,100,true
SYNTHETIC_EUR_USD,1m,2025-01-02T15:51:00+00:00,1.088439,1.088549,1.088123,1.088183,100,true
SYNTHETIC_EUR_USD,1m,2025-01-02T15:52:00+00:00,1.088183,1.088231,1.088122,1.088221,100,true
SYNTHETIC_EUR_USD,1m,2025-01-02T15:53:00+00:00,1.088221,1.088615,1.088211,1.088498,100,true
SYNTHETIC_EUR_USD,1m,2025-01-02T15:54:00+00:00,1.088498,1.088611,1.088243,1.088306,100,true
SYNTHETIC_EUR_USD,1m,2025-01-02T15:55:00+00:00,1.088306,1.088358,1.087708,1.087756,100,true
SYNTHETIC_EUR_USD,1m,2025-01-02T15:56:00+00:00,1.087756,1.087836,1.087292,1.087367,100,true
SYNTHETIC_EUR_USD,1m,2025-01-02T15:57:00+00:00,1.087367,1.087458,1.087199,1.087271,100,true
SYNTHETIC_EUR_USD,1m,2025-01-02T15:58:00+00:00,1.087271,1.087314,1.087211,1.087264,100,true
SYNTHETIC_EUR_USD,1m,2025-01-02T15:59:00+00:00,1.087264,1.087468,1.087224,1.087397,100,true
SYNTHETIC_EUR_USD,1m,2025-01-02T16:00:00+00:00,1.087397,1.087558,1.087320,1.087500,100,true
